rank,indicator,lookback,entry,exit,target,score,total,worst_day,turnover,trades,day_1,day_2,day_3
1,rolling_z,800,2.0,0.0,200,45362.95,87119.0,23610.0,13400,373,23610.0,31862.0,31647.0
2,rolling_z,650,2.0,0.0,200,38804.38,82490.0,18212.0,15058,415,18212.0,19264.0,45014.0
3,rolling_z,800,2.0,0.0,150,36693.98,65920.0,20235.0,10512,300,20235.0,22719.0,22966.0
4,rolling_z,2000,2.25,0.0,200,35532.87,72665.0,17374.0,3690,107,23334.0,17374.0,31957.0
5,ema_z,1000,2.0,0.0,200,29614.99,75151.0,10840.0,6382,177,35682.0,10840.0,28629.0
6,rolling_z,1800,2.25,0.0,200,29139.4,53512.0,15769.0,3800,108,16723.0,15769.0,21020.0
7,rolling_z,650,2.0,0.0,150,27357.03,59181.0,12585.0,11608,327,14175.0,12585.0,32421.0
8,rolling_z,2000,2.25,0.0,150,26377.8,54874.0,12665.0,2850,82,18878.0,12665.0,23331.0
9,rolling_z,1800,2.5,0.0,200,26031.9,57160.0,11747.0,2549,72,11747.0,19078.0,26335.0
10,rolling_z,800,2.0,0.0,100,25737.86,45259.0,14438.0,7446,219,15837.0,14984.0,14438.0
11,rolling_z,2000,2.0,0.0,200,25189.44,53324.0,11867.0,4281,123,15235.0,11867.0,26222.0
12,rolling_z,1800,2.5,0.0,150,24650.63,47392.0,12807.0,2184,63,12807.0,15072.0,19513.0
13,ema_z,1000,2.0,0.0,150,23956.44,63258.0,8152.0,5032,141,31018.0,8152.0,24088.0
14,ema_z,650,2.75,0.0,200,23875.61,53659.0,10469.0,4072,115,30697.0,12493.0,10469.0
15,rolling_z,650,2.25,0.0,200,23761.75,67296.0,6960.0,11123,309,21899.0,6960.0,38437.0
16,rolling_z,1500,2.5,0.0,200,21453.7,50084.0,8940.0,3648,103,29581.0,8940.0,11563.0
17,rolling_z,1800,2.0,0.0,200,21253.55,49114.0,8984.0,4474,129,16595.0,8984.0,23535.0
18,rolling_z,1800,2.25,0.0,150,21110.8,38558.0,11477.0,2850,82,11614.0,11477.0,15467.0
19,ema_z,650,2.75,0.0,150,20260.77,45169.0,8975.0,3242,93,25475.0,8975.0,10719.0
20,ema_z,650,2.0,0.0,200,19756.71,56932.0,5544.0,10146,280,10297.0,5544.0,41091.0
21,rolling_z,650,2.25,0.0,150,19737.56,56654.0,5592.0,8968,255,17930.0,5592.0,33132.0
22,rolling_z,2000,2.0,0.0,150,19613.59,42833.0,8912.0,3331,96,10849.0,8912.0,23072.0
23,ema_z,800,2.0,0.0,200,19067.14,82537.0,-1549.0,9054,249,34129.0,-1549.0,49957.0
24,ema_z,650,2.0,0.0,150,17862.92,45912.0,6401.0,8042,228,7285.0,6401.0,32226.0
25,rolling_z,1500,2.25,0.0,200,17601.47,39231.0,7803.0,4639,131,20088.0,11340.0,7803.0
26,rolling_z,1500,2.5,0.0,150,17483.2,41536.0,7105.0,2898,82,21147.0,7105.0,13284.0
27,rolling_z,650,2.0,0.0,100,17417.68,38832.0,7726.0,8158,238,9922.0,7726.0,21184.0
28,ema_z,1000,2.0,0.0,100,17372.9,46892.0,5657.0,3552,105,21073.0,5657.0,20162.0
29,rolling_z,2000,2.25,0.0,100,16720.45,34217.0,8170.0,1900,57,11332.0,8170.0,14715.0
30,rolling_z,1800,2.0,0.0,150,16509.95,39888.0,6545.0,3524,102,12859.0,6545.0,20484.0
31,ema_z,1200,2.0,0.0,200,16405.75,62510.0,788.0,4874,138,788.0,20569.0,41153.0
32,rolling_z,1800,2.5,0.0,100,16397.68,31127.0,8619.0,1534,45,8619.0,9899.0,12609.0
33,ema_z,1500,2.0,0.0,200,15858.22,68451.0,-1246.0,4267,120,-1246.0,4721.0,64976.0
34,ema_z,500,2.5,0.0,200,15815.57,35659.0,6915.0,7088,196,7094.0,6915.0,21650.0
35,rolling_z,650,2.25,0.0,100,15038.46,41678.0,4632.0,6518,192,10855.0,4632.0,26191.0
36,rolling_z,800,2.25,0.0,200,14983.16,52078.0,1980.0,8169,228,1980.0,27681.0,22417.0
37,ema_z,1000,2.25,0.0,200,14687.33,28058.0,7681.0,4084,113,7681.0,11841.0,8536.0
38,ema_z,650,2.5,0.0,200,14486.17,33872.0,6028.0,4914,137,17255.0,6028.0,10589.0
39,rolling_z,800,2.25,0.0,150,14448.96,43520.0,3582.0,6519,184,3582.0,22231.0,17707.0
40,rolling_z,800,2.25,0.0,100,14417.34,36008.0,5425.0,4829,140,5425.0,16996.0,13587.0
41,ema_z,800,2.0,0.0,150,14390.24,63065.0,-1362.0,7004,195,26721.0,-1362.0,37706.0
42,ema_z,1200,2.0,0.0,150,13993.35,51252.0,1188.0,3824,106,1188.0,15062.0,35002.0
43,rolling_z,1500,2.5,0.0,100,13769.76,32660.0,5609.0,2122,63,13301.0,5609.0,13750.0
44,rolling_z,1800,2.25,0.0,100,13703.2,25140.0,7422.0,1900,56,7584.0,7422.0,10134.0
45,ema_z,650,2.75,0.0,100,13583.92,30254.0,6025.0,2292,66,17368.0,6025.0,6861.0
46,rolling_z,2000,2.0,0.0,100,13489.08,30667.0,5827.0,2333,69,6484.0,5827.0,18356.0
47,rolling_z,800,2.0,0.0,50,13485.36,24281.0,7423.0,3946,121,9366.0,7492.0,7423.0
48,ema_z,1800,2.0,0.0,200,13169.82,59028.0,-1581.0,3091,87,-1581.0,3442.0,57167.0
49,ema_z,2000,2.0,0.0,200,12993.5,56723.0,-1182.0,2626,72,296.0,-1182.0,57609.0
50,rolling_z,1500,2.25,0.0,150,12508.77,27923.0,5535.0,3489,101,14556.0,7832.0,5535.0
51,ema_z,650,2.0,0.0,100,12477.36,32720.0,4309.0,5820,172,4309.0,7224.0,21187.0
52,ema_z,1500,2.0,0.0,150,12212.72,52533.0,-914.0,3263,92,-914.0,3577.0,49870.0
53,rolling_z,1800,2.0,0.0,100,11864.7,30047.0,4358.0,2526,75,9122.0,4358.0,16567.0
54,rolling_z,2000,2.5,0.0,200,11563.86,47327.0,-264.0,1943,55,-264.0,20956.0,26635.0
55,ema_z,1000,2.5,0.0,200,11506.21,32297.0,3437.0,2518,72,3437.0,7807.0,21053.0
56,ema_z,1200,2.0,0.0,100,10799.95,35829.0,1848.0,2648,79,1848.0,9470.0,24511.0
57,ema_z,500,2.5,0.0,150,10794.5,28467.0,3689.0,5626,157,3689.0,7609.0,17169.0
58,ema_z,2000,2.0,0.0,150,10731.42,45130.0,-547.0,2038,60,72.0,-547.0,45605.0
59,ema_z,1000,2.25,0.0,150,10664.76,22930.0,4939.0,3368,94,8034.0,9957.0,4939.0
60,ema_z,650,3.0,0.0,200,10656.68,42396.0,63.0,2658,78,24793.0,17540.0,63.0
61,rolling_z,1500,2.0,0.0,200,10618.68,29993.0,3131.0,5284,147,16989.0,3131.0,9873.0
62,ema_z,800,2.0,0.0,100,10262.27,43468.0,-595.0,4864,144,17490.0,-595.0,26573.0
63,rolling_z,800,2.25,0.0,50,9962.64,20380.0,4873.0,2678,82,4873.0,9353.0,6154.0
64,ema_z,1800,2.0,0.0,150,9896.73,44622.0,-1254.0,2386,68,-1254.0,3286.0,42590.0
65,ema_z,650,3.0,0.0,150,9859.76,33792.0,1416.0,2120,63,19136.0,13240.0,1416.0
66,ema_z,650,3.0,0.0,100,9531.36,25302.0,3209.0,1570,47,13398.0,8695.0,3209.0
67,ema_z,2000,2.5,0.0,200,9230.4,43876.0,-1735.0,1800,53,8479.0,-1735.0,37132.0
68,ema_z,650,2.5,0.0,150,9173.76,24082.0,3161.0,3868,109,13164.0,3161.0,7757.0
69,rolling_z,650,2.25,0.0,50,9043.37,23447.0,3189.0,3690,113,4265.0,3189.0,15993.0
70,ema_z,1000,2.0,0.0,50,8830.58,22705.0,3158.0,1834,57,9714.0,3158.0,9833.0
71,rolling_z,650,2.0,0.0,50,8725.33,19252.0,3921.0,4336,132,5422.0,3921.0,9909.0
72,ema_z,500,2.0,0.0,200,8585.75,33224.0,304.0,12124,337,304.0,6551.0,26369.0
73,ema_z,1000,2.5,0.0,150,8369.26,26653.0,1710.0,1994,58,1710.0,5470.0,19473.0
74,rolling_z,1800,2.5,0.0,50,8340.3,15876.0,4373.0,850,27,4373.0,4914.0,6589.0
75,rolling_z,2000,2.5,0.0,150,8296.26,34693.0,-374.0,1493,42,-374.0,15306.0,19761.0
76,rolling_z,500,2.5,0.0,150,8187.65,24880.0,1983.0,7673,217,13350.0,1983.0,9547.0
77,ema_z,1500,2.0,0.0,100,8118.32,34519.0,-507.0,2213,65,-507.0,2114.0,32912.0
78,ema_z,1200,2.0,0.0,50,8056.2,19208.0,3257.0,1398,44,3257.0,4493.0,11458.0
79,rolling_z,1500,2.5,0.0,50,8010.2,16362.0,3922.0,1150,37,6037.0,3922.0,6403.0
80,ema_z,650,3.0,0.0,50,7980.65,15922.0,4002.0,924,30,7783.0,4137.0,4002.0
81,rolling_z,1500,2.25,0.0,100,7953.57,17857.0,3494.0,2339,71,9394.0,4969.0,3494.0
82,rolling_z,1500,2.0,0.0,150,7733.68,23607.0,1840.0,4034,115,11790.0,1840.0,9977.0
83,rolling_z,2000,2.25,0.0,50,7674.85,14987.0,3930.0,950,30,4389.0,3930.0,6668.0
84,ema_z,500,2.75,0.0,200,7663.81,23753.0,1735.0,4722,132,13825.0,1735.0,8193.0
85,ema_z,650,2.0,0.0,50,7583.95,20615.0,2437.0,3402,103,2437.0,7133.0,11045.0
86,rolling_z,500,2.5,0.0,100,7502.64,17603.0,3113.0,5553,162,9485.0,3113.0,5005.0
87,ema_z,2000,2.0,0.0,100,7395.97,29651.0,-14.0,1388,41,-14.0,129.0,29536.0
88,ema_z,2000,2.5,0.0,150,6689.05,32179.0,-1353.0,1350,41,6120.0,-1353.0,27412.0
89,rolling_z,1800,2.25,0.0,50,6626.1,12128.0,3596.0,950,30,3747.0,3596.0,4785.0
90,ema_z,2000,2.25,0.0,200,6452.76,34986.0,-2290.0,1872,53,4732.0,-2290.0,32544.0
91,rolling_z,1500,2.75,0.0,200,6395.46,43693.0,-4522.0,2894,82,39006.0,9209.0,-4522.0
92,ema_z,500,2.5,0.0,100,6382.35,21166.0,1099.0,4076,119,1099.0,7200.0,12867.0
93,ema_z,1800,2.0,0.0,100,6332.98,29557.0,-1053.0,1636,48,-1053.0,2588.0,28022.0
94,ema_z,800,2.0,0.0,50,6147.87,23285.0,332.0,2692,84,7433.0,332.0,15520.0
95,ema_z,650,2.75,0.0,50,6117.7,12572.0,2977.0,1150,36,6319.0,2977.0,3276.0
96,ema_z,500,2.75,0.0,150,6044.96,21014.0,799.0,3772,106,12139.0,799.0,8076.0
97,rolling_z,500,2.5,0.0,200,5923.21,25269.0,-376.0,9021,251,15851.0,-376.0,9794.0
98,ema_z,1200,3.0,0.0,200,5882.45,19253.0,1072.0,1400,40,15041.0,1072.0,3140.0
99,rolling_z,1800,2.0,0.0,50,5843.55,15201.0,2046.0,1350,42,5196.0,2046.0,7959.0
100,rolling_z,1500,2.0,0.0,100,5669.43,18364.0,1084.0,2784,83,7179.0,1084.0,10101.0
101,rolling_z,2000,2.0,0.0,50,5595.63,13568.0,2206.0,1183,38,2206.0,2836.0,8526.0
102,rolling_z,1500,2.75,0.0,150,5485.76,34241.0,-3070.0,2244,63,28233.0,9078.0,-3070.0
103,ema_z,1000,2.25,0.0,100,5440.15,13363.0,2104.0,2300,66,4544.0,6715.0,2104.0
104,rolling_z,650,2.5,0.0,100,5440.0,25125.0,-834.0,3624,106,8938.0,-834.0,17021.0
105,rolling_z,1000,2.5,0.0,200,5356.98,12936.0,2132.0,4510,123,7889.0,2915.0,2132.0
106,rolling_z,2000,2.5,0.0,100,5346.91,22964.0,-392.0,1043,32,-392.0,9963.0,13393.0
107,ema_z,1800,2.5,0.0,200,5234.15,34739.0,-3447.0,1800,51,5260.0,-3447.0,32926.0
108,ema_z,800,2.25,0.0,100,5176.66,20000.0,183.0,3169,89,4329.0,183.0,15488.0
109,rolling_z,2000,2.75,0.0,100,5131.3,23752.0,-805.0,848,25,-805.0,10398.0,14159.0
110,rolling_z,2000,2.75,0.0,150,5122.1,30790.0,-2573.0,1198,34,-2573.0,14659.0,18704.0
111,rolling_z,650,2.5,0.0,50,4997.6,17211.0,699.0,2074,64,5035.0,699.0,11477.0
112,ema_z,800,2.25,0.0,150,4815.77,23454.0,-1039.0,4367,122,7036.0,-1039.0,17457.0
113,ema_z,2000,2.25,0.0,150,4794.91,26115.0,-1731.0,1422,40,2969.0,-1731.0,24877.0
114,ema_z,800,2.5,0.0,200,4577.32,25940.0,-1900.0,3842,106,14128.0,-1900.0,13712.0
115,rolling_z,500,2.25,0.0,200,4484.67,12239.0,1451.0,13040,362,5015.0,5773.0,1451.0
116,rolling_z,2000,2.25,0.5,200,4467.76,16026.0,475.0,6870,202,475.0,7397.0,8154.0
117,ema_z,1200,3.25,0.0,200,4409.32,14079.0,891.0,715,20,7111.0,891.0,6077.0
118,ema_z,500,2.75,0.0,100,4342.44,16760.0,158.0,2780,81,7868.0,158.0,8734.0
119,ema_z,2000,2.5,0.0,100,4272.2,20988.0,-973.0,900,27,3799.0,-973.0,18162.0
120,ema_z,650,2.25,0.0,200,4231.08,12205.0,1193.0,6584,183,3264.0,1193.0,7748.0
121,ema_z,1000,2.5,0.0,100,4164.56,15665.0,251.0,1344,40,251.0,3253.0,12161.0
122,ema_z,1500,2.0,0.0,50,4143.45,16595.0,-3.0,1150,36,-3.0,784.0,15814.0
123,ema_z,650,2.5,0.0,100,4110.06,13282.0,795.0,2718,79,7465.0,795.0,5022.0
124,ema_z,1000,3.0,0.0,200,4094.41,30091.0,-3425.0,1668,46,21667.0,11849.0,-3425.0
125,ema_z,800,2.25,0.0,200,4074.97,27632.0,-2822.0,5517,149,10965.0,-2822.0,19489.0
126,ema_z,500,2.0,0.0,150,4073.85,22096.0,-1431.0,9574,275,-1431.0,4949.0,18578.0
127,rolling_z,1000,2.5,0.0,150,3999.19,9217.0,1702.0,3532,98,5025.0,2490.0,1702.0
128,median_mad_z,1800,2.0,0.0,200,3963.88,15649.0,56.0,2183,65,1126.0,56.0,14467.0
129,ema_z,1200,3.25,0.0,150,3953.12,12253.0,891.0,565,15,7111.0,891.0,4251.0
130,rolling_z,1500,2.75,0.0,100,3847.25,21637.0,-1559.0,1500,44,18114.0,5082.0,-1559.0
131,rolling_z,500,2.25,0.0,150,3793.63,10557.0,1175.0,10310,291,2301.0,7081.0,1175.0
132,ema_z,1500,2.25,0.0,200,3760.79,28482.0,-3355.0,2356,68,-792.0,-3355.0,32629.0
133,ema_z,1500,3.0,0.0,200,3736.7,12940.0,504.0,1148,33,504.0,1181.0,11255.0
134,rolling_z,2000,2.75,0.0,200,3657.4,32110.0,-4367.0,1548,43,-4367.0,18994.0,17483.0
135,median_mad_z,1800,2.0,0.0,150,3639.38,12563.0,502.0,1683,50,942.0,502.0,11119.0
136,rolling_z,1500,2.25,0.0,50,3564.12,8198.0,1517.0,1189,37,4515.0,2166.0,1517.0
137,ema_z,2000,2.0,0.0,50,3557.77,14529.0,-73.0,738,24,-73.0,715.0,13887.0
138,ema_z,1200,3.25,0.0,100,3548.17,10632.0,891.0,415,12,7111.0,891.0,2630.0
139,ema_z,1800,2.5,0.0,150,3541.3,24636.0,-2615.0,1350,39,3296.0,-2615.0,23955.0
140,rolling_z,2000,2.25,0.5,150,3463.61,11905.0,498.0,5320,159,498.0,5832.0,5575.0
141,median_mad_z,2000,2.25,0.0,200,3397.4,8566.0,1258.0,1052,28,1258.0,1999.0,5309.0
142,ema_z,2000,2.25,0.0,100,3315.06,17760.0,-1123.0,972,29,1590.0,-1123.0,17293.0
143,ema_z,1200,2.25,0.0,200,3299.89,18150.0,-1232.0,2805,80,-1232.0,3501.0,15881.0
144,median_mad_z,1800,2.0,0.0,100,3255.38,9691.0,835.0,1183,36,867.0,835.0,7989.0
145,rolling_z,500,2.5,0.0,50,3251.61,7874.0,1289.0,2944,90,4152.0,2433.0,1289.0
146,ema_z,500,2.25,0.0,50,3241.31,11297.0,423.0,2972,91,423.0,5482.0,5392.0
147,ema_z,500,2.75,0.0,50,3194.56,8811.0,995.0,1596,49,3970.0,995.0,3846.0
148,ema_z,800,2.25,0.0,50,3187.78,13693.0,-232.0,1735,53,2897.0,-232.0,11028.0
149,ema_z,1500,3.0,0.0,150,3124.7,10138.0,592.0,898,27,1618.0,592.0,7928.0
150,rolling_z,650,2.5,0.0,150,3114.72,29247.0,-4187.0,5016,141,13232.0,-4187.0,20202.0
151,rolling_z,1200,2.5,0.0,200,3101.5,19826.0,-1847.0,4002,111,19087.0,-1847.0,2586.0
152,rolling_z,1500,2.0,0.0,50,3049.35,10809.0,350.0,1450,45,3180.0,350.0,7279.0
153,rolling_z,1200,3.0,0.0,200,3036.37,27445.0,-3821.0,1939,55,11670.0,19596.0,-3821.0
154,rolling_z,500,2.75,0.0,100,3027.43,13917.0,-445.0,3410,99,12863.0,-445.0,1499.0
155,ema_z,1800,2.0,0.0,50,3021.05,14591.0,-625.0,850,27,-625.0,1558.0,13658.0
156,rolling_z,1500,2.75,0.0,50,3017.75,11253.0,206.0,750,24,8563.0,2484.0,206.0
157,median_mad_z,2000,2.25,0.0,150,3014.95,7699.0,1092.0,900,24,1092.0,1418.0,5189.0
158,rolling_z,650,2.75,0.0,50,3003.31,13693.0,-417.0,1468,46,12363.0,-417.0,1747.0
159,rolling_z,1200,2.5,0.0,150,2971.7,18272.0,-1590.0,3150,89,13711.0,-1590.0,6151.0
160,ema_z,1200,3.0,0.0,150,2937.4,10458.0,325.0,1050,30,7700.0,325.0,2433.0
161,ema_z,1500,2.25,0.0,150,2855.14,20779.0,-2336.0,1806,52,-746.0,-2336.0,23861.0
162,rolling_z,2000,2.25,0.5,100,2823.56,8172.0,788.0,3720,111,788.0,3861.0,3523.0
163,ema_z,1000,3.0,0.0,150,2783.3,23628.0,-3121.0,1350,38,16771.0,9978.0,-3121.0
164,median_mad_z,1800,2.5,0.0,200,2743.29,9017.0,491.0,978,28,1527.0,491.0,6999.0
165,rolling_z,2000,2.5,0.0,50,2684.81,11804.0,-265.0,593,20,-265.0,4846.0,7223.0
166,ema_z,800,3.0,0.0,100,2658.33,6928.0,928.0,837,24,2525.0,3475.0,928.0
167,ema_z,1200,2.5,0.0,200,2638.76,21066.0,-2624.0,1868,52,5146.0,-2624.0,18544.0
168,ema_z,1200,3.25,0.0,50,2623.77,6933.0,891.0,241,8,4846.0,891.0,1196.0
169,median_mad_z,1500,3.25,0.0,200,2618.15,10479.0,0.0,800,24,2435.0,0.0,8044.0
170,rolling_z,1200,3.0,0.0,100,2611.02,20474.0,-2505.0,1239,35,14147.0,8832.0,-2505.0
171,ema_z,2000,3.25,0.0,200,2515.2,10064.0,0.0,400,12,9013.0,1051.0,0.0
172,median_mad_z,1800,2.5,0.0,150,2495.03,8551.0,359.0,862,25,1527.0,359.0,6665.0
173,rolling_z,1200,3.0,0.0,150,2490.07,23517.0,-3386.0,1589,45,12928.0,13975.0,-3386.0
174,ema_z,800,3.0,0.0,150,2479.89,7933.0,499.0,1181,34,499.0,5806.0,1628.0
175,rolling_z,500,2.75,0.0,150,2393.46,18610.0,-2250.0,4522,128,16940.0,-2250.0,3920.0
176,rolling_z,500,3.0,0.0,50,2368.53,9142.0,86.0,1484,46,7161.0,1895.0,86.0
177,rolling_z,2000,2.25,0.5,50,2331.77,4995.0,1087.0,1988,79,1087.0,2049.0,1859.0
178,ema_z,1500,2.25,0.0,100,2320.49,13564.0,-1068.0,1256,38,-548.0,-1068.0,15180.0
179,ema_z,1800,3.0,0.0,200,2182.67,13594.0,-1214.0,917,27,9435.0,-1214.0,5373.0
180,ema_z,1200,2.25,0.0,150,2119.77,13785.0,-1322.0,2240,64,-1322.0,4026.0,11081.0
181,ema_z,1800,2.5,0.0,100,2102.95,15575.0,-1789.0,900,27,1679.0,-1789.0,15685.0
182,rolling_z,2000,2.75,0.0,50,2079.28,11949.0,-907.0,487,15,-907.0,5938.0,6918.0
183,median_mad_z,2000,2.25,0.0,100,2053.05,5209.0,752.0,600,18,752.0,981.0,3476.0
184,ema_z,1500,3.0,0.0,100,2036.95,7953.0,50.0,648,19,2781.0,50.0,5122.0
185,ema_z,800,3.0,0.0,50,2033.03,6528.0,402.0,487,15,4576.0,1550.0,402.0
186,ema_z,2000,2.5,0.0,50,2028.85,10143.0,-506.0,450,15,1697.0,-506.0,8952.0
187,rolling_z,1200,3.0,0.0,50,2004.7,13341.0,-1329.0,773,24,10862.0,3808.0,-1329.0
188,median_mad_z,1800,2.0,0.0,50,1990.98,6109.0,465.0,633,25,465.0,796.0,4848.0
189,ema_z,2000,2.25,0.0,50,1987.21,10025.0,-518.0,522,17,654.0,-518.0,9889.0
190,ema_z,650,2.25,0.0,150,1981.43,7310.0,164.0,5034,141,164.0,660.0,6486.0
191,ema_z,1000,2.25,0.0,50,1895.95,5065.0,632.0,1150,36,1482.0,2951.0,632.0
192,median_mad_z,1500,3.25,0.0,150,1887.05,7553.0,0.0,600,17,1695.0,0.0,5858.0
193,median_mad_z,1800,2.5,0.5,150,1878.03,6147.0,343.0,862,24,912.0,343.0,4892.0
194,ema_z,1500,2.25,0.0,50,1859.84,8821.0,-344.0,706,23,-344.0,192.0,8973.0
195,ema_z,2000,3.25,0.0,150,1831.15,7327.0,0.0,300,8,6706.0,621.0,0.0
196,ema_z,1800,3.0,0.0,150,1825.82,11413.0,-1026.0,717,21,7066.0,-1026.0,5373.0
197,median_mad_z,1800,2.5,0.0,100,1804.3,6138.0,271.0,600,19,1348.0,271.0,4519.0
198,ema_z,1800,2.25,0.0,200,1797.76,23030.0,-3956.0,1872,53,-393.0,-3956.0,27379.0
199,median_mad_z,1800,2.5,0.5,100,1790.3,4630.0,634.0,600,18,706.0,634.0,3290.0
200,ema_z,1200,2.5,0.0,150,1789.41,15009.0,-1960.0,1418,42,3162.0,-1960.0,13807.0
201,rolling_z,1200,2.5,0.0,100,1700.05,11265.0,-1112.0,2100,62,8718.0,-1112.0,3659.0
202,median_mad_z,1800,2.5,0.5,200,1681.54,6174.0,140.0,978,28,912.0,140.0,5122.0
203,ema_z,800,2.5,0.0,150,1650.69,16395.0,-2442.0,3028,85,10643.0,-2442.0,8194.0
204,rolling_z,500,2.25,0.0,100,1505.89,7531.0,-362.0,7432,216,-362.0,7665.0,228.0
205,rolling_z,500,2.75,0.0,50,1413.41,6865.0,-299.0,1922,59,7283.0,-299.0,-119.0
206,ema_z,1800,2.25,0.0,150,1378.41,17669.0,-3036.0,1422,41,-370.0,-3036.0,21075.0
207,ema_z,1200,2.25,0.0,100,1355.82,10208.0,-1193.0,1590,47,-1193.0,2970.0,8431.0
208,median_mad_z,1800,2.25,0.0,200,1354.85,7165.0,-434.0,1200,35,-434.0,-136.0,7735.0
209,ema_z,500,2.5,0.0,50,1351.53,9984.0,-1140.0,2234,69,-1140.0,5176.0,5948.0
210,median_mad_z,1500,3.0,0.0,200,1324.3,8774.0,-866.0,1600,45,-866.0,2347.0,7293.0
211,ema_z,1800,3.0,0.0,100,1320.75,8419.0,-783.0,500,15,4594.0,-783.0,4608.0
212,ema_z,500,2.25,0.0,100,1275.86,16697.0,-2888.0,5194,151,-2888.0,8349.0,11236.0
213,ema_z,2000,3.25,0.0,100,1210.35,4843.0,0.0,200,6,4467.0,376.0,0.0
214,rolling_z,650,2.5,0.0,200,1209.77,35382.0,-7623.0,6366,177,18306.0,-7623.0,24699.0
215,median_mad_z,1500,3.25,0.0,100,1189.45,4761.0,0.0,400,12,1078.0,0.0,3683.0
216,rolling_z,800,2.5,0.0,200,1169.81,12993.0,-2068.0,5222,145,-2068.0,767.0,14294.0
217,median_mad_z,1800,2.25,0.0,150,1164.2,5528.0,-216.0,900,27,-216.0,61.0,5683.0
218,ema_z,500,2.25,0.0,200,1126.98,30357.0,-6444.0,9136,256,-6444.0,12344.0,24457.0
219,median_mad_z,2000,2.25,0.0,50,1103.15,2751.0,416.0,300,12,416.0,534.0,1801.0
220,ema_z,1200,2.5,0.0,100,1073.56,9586.0,-1321.0,968,29,1655.0,-1321.0,9252.0
221,ema_z,1800,2.25,0.0,100,1060.56,12246.0,-1999.0,972,29,-295.0,-1999.0,14540.0
222,ema_z,1800,2.75,0.0,200,1035.17,14193.0,-2511.0,1040,29,7609.0,-2511.0,9095.0
223,median_mad_z,1800,2.5,0.0,50,1013.65,3281.0,194.0,300,12,756.0,194.0,2331.0
224,ema_z,1200,3.0,0.0,100,1012.1,5694.0,-410.0,700,21,4548.0,-410.0,1556.0
225,median_mad_z,1800,2.25,0.0,100,1011.3,3946.0,26.0,600,19,26.0,121.0,3799.0
226,median_mad_z,1800,2.5,0.5,50,993.65,2449.0,382.0,300,12,460.0,382.0,1607.0
227,ema_z,1000,3.25,0.0,100,957.95,7603.0,-942.0,400,11,7111.0,-942.0,1434.0
228,rolling_z,2000,2.0,0.5,200,946.93,6261.0,-601.0,8658,255,-601.0,3309.0,3553.0
229,ema_z,1800,2.5,0.0,50,915.35,7385.0,-930.0,450,15,628.0,-930.0,7687.0
230,ema_z,500,2.0,0.0,100,888.49,10816.0,-1802.0,6756,198,-1802.0,1710.0,10908.0
231,median_mad_z,1500,3.0,0.0,150,885.35,6439.0,-722.0,1200,34,-722.0,1785.0,5376.0
232,median_mad_z,1000,3.0,0.5,200,884.86,7376.0,-955.0,2068,62,5750.0,2581.0,-955.0
233,ema_z,1800,2.25,0.0,50,867.21,7353.0,-970.0,522,17,-207.0,-970.0,8530.0
234,median_mad_z,1200,3.25,0.0,200,850.65,3409.0,0.0,800,24,0.0,103.0,3306.0
235,ema_z,1000,3.25,0.0,150,845.85,7155.0,-942.0,450,12,7111.0,-942.0,986.0
236,rolling_z,1200,2.75,0.0,200,836.2,33636.0,-7566.0,3400,94,36199.0,5003.0,-7566.0
237,rolling_z,650,2.75,0.0,100,806.01,17043.0,-3450.0,2370,70,18838.0,-3450.0,1655.0
238,median_mad_z,1000,3.25,0.5,200,760.65,5911.0,-714.0,1550,46,4490.0,2135.0,-714.0
239,median_mad_z,1000,3.25,0.5,150,753.5,5324.0,-575.0,1250,36,3764.0,2135.0,-575.0
240,rolling_z,500,2.75,0.0,200,749.05,17799.0,-3690.0,5352,149,17976.0,-3690.0,3513.0
241,ema_z,1000,3.25,0.0,200,749.0,6768.0,-942.0,500,14,7111.0,-942.0,599.0
242,ema_z,1500,3.0,0.0,50,746.05,4379.0,-348.0,350,12,2222.0,-348.0,2505.0
243,ema_z,1000,2.5,0.0,50,745.36,5967.0,-745.0,694,22,-745.0,1422.0,5290.0
244,median_mad_z,2000,2.5,0.0,200,735.45,2945.0,0.0,400,11,0.0,2945.0,0.0
245,ema_z,1800,3.25,0.0,200,721.03,2888.0,0.0,486,14,784.0,2104.0,0.0
246,median_mad_z,1800,3.0,0.0,200,715.7,2866.0,0.0,400,12,0.0,2866.0,0.0
247,ema_z,1800,2.75,0.0,150,708.67,10345.0,-1876.0,790,23,5285.0,-1876.0,6936.0
248,median_mad_z,2000,2.0,0.0,200,706.3,6156.0,-830.0,1350,39,-830.0,1211.0,5775.0
249,ema_z,1000,3.25,0.0,50,703.5,5272.0,-614.0,250,9,4846.0,-614.0,1040.0
250,median_mad_z,1200,3.25,0.0,150,669.55,2683.0,0.0,600,18,0.0,239.0,2444.0
251,ema_z,2000,3.25,0.5,200,632.65,2537.0,0.0,800,24,1540.0,997.0,0.0
252,median_mad_z,1800,3.0,0.5,200,627.95,2515.0,0.0,400,12,0.0,2515.0,0.0
253,ema_z,2000,3.25,0.0,50,622.55,2491.0,0.0,100,4,2231.0,260.0,0.0
254,median_mad_z,800,2.75,0.0,100,611.27,1952.0,127.0,1864,56,1173.0,127.0,652.0
255,ema_z,1800,3.25,0.0,50,609.13,2438.0,0.0,186,6,2070.0,368.0,0.0
256,rolling_z,1000,2.5,0.0,100,603.54,4610.0,-544.0,2482,73,2251.0,2903.0,-544.0
257,ema_z,800,3.0,0.0,200,593.64,7886.0,-1375.0,1431,41,-1375.0,8188.0,1073.0
258,ema_z,1800,3.0,0.0,50,584.0,4010.0,-418.0,250,9,2123.0,-418.0,2305.0
259,ema_z,1800,3.0,0.5,100,582.35,1212.0,282.0,1324,39,282.0,340.0,590.0
260,ema_z,1200,2.5,0.0,50,579.96,5220.0,-724.0,518,17,628.0,-724.0,5316.0
261,median_mad_z,1500,3.25,0.0,50,559.35,2239.0,0.0,200,8,528.0,0.0,1711.0
262,median_mad_z,2000,2.5,0.0,150,556.9,2230.0,0.0,300,9,0.0,2230.0,0.0
263,median_mad_z,1200,3.0,0.0,200,556.1,5558.0,-831.0,1200,36,3703.0,-831.0,2686.0
264,ema_z,1200,2.75,0.0,200,554.8,11355.0,-2281.0,1476,43,7879.0,-2281.0,5757.0
265,median_mad_z,1800,3.0,0.0,150,551.4,2208.0,0.0,300,10,0.0,2208.0,0.0
266,median_mad_z,1800,3.0,0.5,150,547.4,2192.0,0.0,300,9,0.0,2192.0,0.0
267,ema_z,500,2.25,0.0,150,532.88,22169.0,-4995.0,7186,208,-4995.0,10219.0,16945.0
268,median_mad_z,2000,2.0,0.0,150,520.4,5022.0,-733.0,1050,30,-733.0,1037.0,4718.0
269,median_mad_z,800,2.75,0.0,50,517.6,1482.0,149.0,950,38,1049.0,149.0,284.0
270,median_mad_z,1800,2.25,0.0,50,516.4,1992.0,19.0,300,12,19.0,24.0,1949.0
271,ema_z,1500,2.5,0.0,50,499.02,5720.0,-930.0,488,16,312.0,-930.0,6338.0
272,median_mad_z,1200,3.25,0.0,100,496.2,1988.0,0.0,400,13,0.0,333.0,1655.0
273,ema_z,1200,2.75,0.0,50,495.15,4440.0,-614.0,426,14,1275.0,-614.0,3779.0
274,rolling_z,1200,2.5,0.0,50,489.15,4621.0,-664.0,1050,33,3958.0,-664.0,1327.0
275,ema_z,1200,2.75,0.0,100,486.45,6580.0,-1157.0,776,23,3246.0,-1157.0,4491.0
276,ema_z,1800,2.75,0.0,100,481.67,6731.0,-1200.0,540,16,3024.0,-1200.0,4907.0
277,median_mad_z,1200,3.25,0.5,100,480.2,2196.0,-68.0,400,12,0.0,2264.0,-68.0
278,median_mad_z,1000,3.0,0.5,150,478.61,5499.0,-893.0,1568,46,4559.0,1833.0,-893.0
279,ema_z,1800,3.25,0.0,100,468.93,1878.0,0.0,286,9,968.0,910.0,0.0
280,ema_z,2000,2.75,0.0,200,465.15,7567.0,-1425.0,800,24,8992.0,-1425.0,0.0
281,median_mad_z,1800,3.0,0.5,100,461.85,1849.0,0.0,200,6,0.0,1849.0,0.0
282,ema_z,1200,2.75,0.0,150,460.25,8942.0,-1773.0,1126,32,5489.0,-1773.0,5226.0
283,ema_z,2000,2.5,0.5,50,456.75,1951.0,-29.0,1000,39,-29.0,410.0,1570.0
284,ema_z,2000,2.5,0.5,100,454.83,3799.0,-491.0,1958,59,-491.0,1033.0,3257.0
285,median_mad_z,1200,3.25,0.5,200,451.65,1813.0,0.0,800,24,0.0,1765.0,48.0
286,ema_z,1800,3.0,0.5,50,450.35,803.0,251.0,700,28,279.0,273.0,251.0
287,ema_z,1200,2.25,0.0,50,444.02,6263.0,-1120.0,866,27,-1120.0,1594.0,5789.0
288,median_mad_z,2000,2.5,0.5,200,436.45,1749.0,0.0,400,12,0.0,1749.0,0.0
289,median_mad_z,1800,3.25,0.5,100,435.72,1744.0,0.0,142,4,0.0,1744.0,0.0
290,median_mad_z,1800,3.25,0.5,150,435.72,1744.0,0.0,142,4,0.0,1744.0,0.0
291,median_mad_z,1800,3.25,0.5,200,435.72,1744.0,0.0,142,4,0.0,1744.0,0.0
292,rolling_z,1500,3.0,0.0,50,432.05,7441.0,-1427.0,598,20,8464.0,404.0,-1427.0
293,median_mad_z,1000,3.25,0.5,100,430.26,3720.0,-498.0,868,26,2858.0,1360.0,-498.0
294,median_mad_z,1500,3.25,0.5,200,426.4,4952.0,-810.0,800,23,-810.0,0.0,5762.0
295,median_mad_z,1800,2.75,0.0,200,419.45,1681.0,0.0,400,12,0.0,1681.0,0.0
296,median_mad_z,1200,3.25,0.5,150,417.3,2070.0,-99.0,600,18,0.0,2169.0,-99.0
297,ema_z,2000,3.25,0.5,150,397.3,1594.0,0.0,600,18,1139.0,455.0,0.0
298,rolling_z,2000,2.0,0.5,150,383.53,3719.0,-533.0,6608,197,-533.0,2494.0,1758.0
299,median_mad_z,1500,3.0,0.0,100,375.65,4081.0,-643.0,800,24,-643.0,1242.0,3482.0
300,ema_z,1500,2.75,0.0,200,373.95,11551.0,-2511.0,1400,40,7993.0,-2511.0,6069.0
301,median_mad_z,1800,3.25,0.0,100,372.97,1493.0,0.0,142,4,0.0,1493.0,0.0
302,median_mad_z,1800,3.25,0.0,150,372.97,1493.0,0.0,142,4,0.0,1493.0,0.0
303,median_mad_z,1800,3.25,0.0,200,372.97,1493.0,0.0,142,4,0.0,1493.0,0.0
304,median_mad_z,2000,2.5,0.0,100,372.85,1493.0,0.0,200,6,0.0,1493.0,0.0
305,ema_z,2000,3.0,0.0,50,372.1,2250.0,-190.0,200,7,2440.0,-190.0,0.0
306,median_mad_z,1800,3.0,0.0,100,371.1,1486.0,0.0,200,6,0.0,1486.0,0.0
307,median_mad_z,1000,3.25,0.0,200,362.98,8023.0,-1640.0,1387,42,7524.0,2139.0,-1640.0
308,ema_z,1200,3.0,0.0,50,347.55,2593.0,-300.0,350,12,2241.0,-300.0,652.0
309,median_mad_z,1800,2.75,0.5,200,331.7,1330.0,0.0,400,12,0.0,1330.0,0.0
310,median_mad_z,1800,2.75,0.0,150,320.4,1284.0,0.0,300,9,0.0,1284.0,0.0
311,median_mad_z,2000,2.5,0.5,150,318.4,1276.0,0.0,300,10,0.0,1276.0,0.0
312,median_mad_z,1800,2.75,0.5,150,316.4,1268.0,0.0,300,8,0.0,1268.0,0.0
313,ema_z,2000,2.75,0.5,50,314.14,1262.0,0.0,678,26,442.0,820.0,0.0
314,median_mad_z,1800,2.0,0.5,200,311.39,7449.0,-1546.0,2430,72,-1546.0,-158.0,9153.0
315,median_mad_z,1800,3.25,0.5,50,309.3,1238.0,0.0,100,4,0.0,1238.0,0.0
316,median_mad_z,1800,2.75,0.5,100,307.85,1233.0,0.0,200,6,0.0,1233.0,0.0
317,rolling_z,800,2.5,0.0,150,302.41,12403.0,-2790.0,4172,119,-2790.0,2390.0,12803.0
318,median_mad_z,2000,2.0,0.0,100,300.0,3506.0,-575.0,750,23,-575.0,990.0,3091.0
319,ema_z,1000,3.0,0.0,100,299.2,10920.0,-2429.0,900,27,6792.0,6557.0,-2429.0
320,median_mad_z,1000,3.25,0.5,50,294.31,2281.0,-275.0,468,18,1909.0,647.0,-275.0
321,median_mad_z,1200,3.25,0.5,50,280.35,1123.0,0.0,200,8,0.0,1121.0,2.0
322,rolling_z,800,2.5,0.0,100,276.76,13196.0,-3016.0,3122,91,-3016.0,4071.0,12141.0
323,median_mad_z,1200,3.25,0.0,50,269.1,1078.0,0.0,200,8,0.0,188.0,890.0
324,ema_z,2000,2.75,0.0,150,266.55,5391.0,-1080.0,600,17,6471.0,-1080.0,0.0
325,median_mad_z,1000,3.0,0.5,100,263.61,3863.0,-700.0,1068,32,3267.0,1296.0,-700.0
326,median_mad_z,1800,3.25,0.0,50,262.3,1050.0,0.0,100,4,0.0,1050.0,0.0
327,ema_z,2000,3.0,0.0,100,260.3,2716.0,-418.0,352,10,3134.0,-418.0,0.0
328,median_mad_z,1200,2.5,0.0,100,250.05,2973.0,-491.0,1100,34,2857.0,-491.0,607.0
329,ema_z,1800,3.25,0.0,150,243.23,1380.0,-101.0,386,11,-101.0,1481.0,0.0
330,ema_z,2000,3.25,0.5,100,239.95,963.0,0.0,400,12,711.0,252.0,0.0
331,ema_z,1800,2.75,0.0,50,238.92,3414.0,-614.0,290,10,1131.0,-614.0,2897.0
332,median_mad_z,1800,3.0,0.5,50,236.8,948.0,0.0,100,4,0.0,948.0,0.0
333,ema_z,500,2.0,0.0,50,235.0,3249.0,-570.0,3626,109,-570.0,85.0,3734.0
334,rolling_z,1800,2.25,0.5,50,233.3,2154.0,-301.0,2100,84,-301.0,1423.0,1032.0
335,median_mad_z,2000,2.5,0.5,100,229.6,920.0,0.0,200,6,0.0,920.0,0.0
336,median_mad_z,1200,3.0,0.0,100,223.55,1815.0,-229.0,600,19,744.0,-229.0,1300.0
337,median_mad_z,1200,3.0,0.0,150,217.2,3036.0,-540.0,900,26,1549.0,-540.0,2027.0
338,median_mad_z,1800,2.75,0.0,100,217.1,870.0,0.0,200,6,0.0,870.0,0.0
339,median_mad_z,800,2.75,0.0,150,213.07,1034.0,-40.0,2714,80,-40.0,724.0,350.0
340,median_mad_z,2000,2.5,0.0,50,198.3,794.0,0.0,100,4,0.0,794.0,0.0
341,median_mad_z,2000,2.0,0.0,50,197.2,1968.0,-294.0,400,16,-294.0,771.0,1491.0
342,median_mad_z,2000,2.75,0.5,50,195.38,782.0,0.0,60,2,0.0,782.0,0.0
343,median_mad_z,2000,2.75,0.5,100,195.38,782.0,0.0,60,2,0.0,782.0,0.0
344,median_mad_z,2000,2.75,0.5,150,195.38,782.0,0.0,60,2,0.0,782.0,0.0
345,median_mad_z,2000,2.75,0.5,200,195.38,782.0,0.0,60,2,0.0,782.0,0.0
346,median_mad_z,2000,2.5,0.5,50,193.55,775.0,0.0,100,4,0.0,775.0,0.0
347,median_mad_z,1800,3.0,0.0,50,189.8,760.0,0.0,100,4,0.0,760.0,0.0
348,median_mad_z,1000,3.25,0.0,150,186.23,5518.0,-1191.0,1137,34,4570.0,2139.0,-1191.0
349,median_mad_z,1800,2.0,0.5,150,184.64,5962.0,-1302.0,1930,57,-1302.0,475.0,6789.0
350,median_mad_z,1200,3.0,0.0,50,174.4,892.0,-48.0,300,12,259.0,-48.0,681.0
351,median_mad_z,2000,2.75,0.0,50,173.63,695.0,0.0,60,2,0.0,695.0,0.0
352,median_mad_z,2000,2.75,0.0,100,173.63,695.0,0.0,60,2,0.0,695.0,0.0
353,median_mad_z,2000,2.75,0.0,150,173.63,695.0,0.0,60,2,0.0,695.0,0.0
354,median_mad_z,2000,2.75,0.0,200,173.63,695.0,0.0,60,2,0.0,695.0,0.0
355,median_mad_z,1800,2.75,0.5,50,166.8,668.0,0.0,100,4,0.0,668.0,0.0
356,median_mad_z,1000,3.25,0.0,50,140.34,1673.0,-277.0,455,18,1168.0,782.0,-277.0
357,ema_z,2000,3.25,0.5,50,138.85,557.0,0.0,200,8,349.0,208.0,0.0
358,rolling_z,2000,2.0,0.5,100,134.73,1663.0,-272.0,4508,137,-272.0,1462.0,473.0
359,median_mad_z,1800,2.0,0.5,50,130.34,2620.0,-523.0,832,32,-523.0,774.0,2369.0
360,ema_z,2000,2.75,0.0,100,125.2,3360.0,-714.0,400,12,4074.0,-714.0,0.0
361,ema_z,1800,3.25,0.5,50,123.98,499.0,0.0,386,15,269.0,230.0,0.0
362,median_mad_z,1800,2.75,0.0,50,119.8,480.0,0.0,100,4,0.0,480.0,0.0
363,ema_z,1500,2.75,0.0,150,107.4,7942.0,-1876.0,1050,30,5684.0,-1876.0,4134.0
364,ema_z,1800,3.0,0.5,150,105.23,623.0,-47.0,1758,51,-3.0,-47.0,673.0
365,median_mad_z,1800,2.0,0.5,100,97.64,4430.0,-1007.0,1430,42,-1007.0,1008.0,4429.0
366,rolling_z,1200,3.25,0.0,50,96.47,3936.0,-887.0,265,9,1009.0,3814.0,-887.0
367,median_mad_z,1500,3.25,0.5,150,92.05,3445.0,-768.0,600,16,-768.0,0.0,4213.0
368,ema_z,2000,2.75,0.5,100,79.64,896.0,-142.0,1178,36,-142.0,1038.0,0.0
369,ema_z,800,2.75,0.0,50,70.75,7125.0,-1709.0,750,24,7885.0,949.0,-1709.0
370,rolling_z,2000,2.0,0.5,50,59.55,605.0,-87.0,2350,93,-70.0,762.0,-87.0
371,ema_z,800,2.75,0.0,100,45.81,12554.0,-3090.0,1344,40,13590.0,2054.0,-3090.0
372,median_mad_z,1500,3.0,0.0,50,45.45,1869.0,-421.0,400,16,-421.0,593.0,1697.0
373,ema_z,2000,2.75,0.0,50,37.85,1569.0,-354.0,200,7,1923.0,-354.0,0.0
374,median_mad_z,1800,2.25,0.5,200,26.35,3899.0,-946.0,1200,35,-946.0,-487.0,5332.0
375,median_mad_z,1000,3.0,0.5,50,13.15,1833.0,-444.0,550,22,1611.0,666.0,-444.0
376,median_mad_z,1800,2.25,0.5,50,12.4,1160.0,-277.0,300,12,-277.0,212.0,1225.0
377,median_mad_z,2000,3.0,0.0,50,0.0,0.0,0.0,0,0,0.0,0.0,0.0
378,median_mad_z,2000,3.0,0.0,100,0.0,0.0,0.0,0,0,0.0,0.0,0.0
379,median_mad_z,2000,3.0,0.0,150,0.0,0.0,0.0,0,0,0.0,0.0,0.0
380,median_mad_z,2000,3.0,0.0,200,0.0,0.0,0.0,0,0,0.0,0.0,0.0
381,median_mad_z,2000,3.0,0.5,50,0.0,0.0,0.0,0,0,0.0,0.0,0.0
382,median_mad_z,2000,3.0,0.5,100,0.0,0.0,0.0,0,0,0.0,0.0,0.0
383,median_mad_z,2000,3.0,0.5,150,0.0,0.0,0.0,0,0,0.0,0.0,0.0
384,median_mad_z,2000,3.0,0.5,200,0.0,0.0,0.0,0,0,0.0,0.0,0.0
385,median_mad_z,2000,3.25,0.0,50,0.0,0.0,0.0,0,0,0.0,0.0,0.0
386,median_mad_z,2000,3.25,0.0,100,0.0,0.0,0.0,0,0,0.0,0.0,0.0
387,median_mad_z,2000,3.25,0.0,150,0.0,0.0,0.0,0,0,0.0,0.0,0.0
388,median_mad_z,2000,3.25,0.0,200,0.0,0.0,0.0,0,0,0.0,0.0,0.0
389,median_mad_z,2000,3.25,0.5,50,0.0,0.0,0.0,0,0,0.0,0.0,0.0
390,median_mad_z,2000,3.25,0.5,100,0.0,0.0,0.0,0,0,0.0,0.0,0.0
391,median_mad_z,2000,3.25,0.5,150,0.0,0.0,0.0,0,0,0.0,0.0,0.0
392,median_mad_z,2000,3.25,0.5,200,0.0,0.0,0.0,0,0,0.0,0.0,0.0
393,median_mad_z,1800,2.25,0.5,100,-7.7,2438.0,-616.0,600,18,-616.0,484.0,2570.0
394,median_mad_z,1200,3.0,0.5,50,-10.6,788.0,-207.0,300,12,110.0,885.0,-207.0
395,median_mad_z,1200,3.0,0.5,100,-13.2,1644.0,-423.0,600,18,365.0,1702.0,-423.0
396,median_mad_z,1500,3.25,0.5,100,-18.05,2207.0,-569.0,400,12,-569.0,0.0,2776.0
397,rolling_z,1800,2.25,0.5,100,-21.49,4227.0,-1070.0,4118,124,-1070.0,2714.0,2583.0
398,ema_z,1500,2.75,0.0,100,-41.9,4638.0,-1200.0,700,21,3427.0,-1200.0,2411.0
399,median_mad_z,1200,2.5,0.0,50,-46.35,1239.0,-355.0,550,21,1259.0,-355.0,335.0
400,median_mad_z,1800,2.25,0.5,150,-46.8,3128.0,-827.0,900,26,-827.0,45.0,3910.0
401,median_mad_z,1500,3.25,0.5,50,-78.9,990.0,-326.0,200,8,-326.0,0.0,1316.0
402,rolling_z,1500,3.0,0.0,100,-96.1,10452.0,-2707.0,1048,32,12016.0,1143.0,-2707.0
403,ema_z,650,2.5,0.0,50,-109.63,3609.0,-1009.0,1438,45,2107.0,-1009.0,2511.0
404,ema_z,650,3.25,0.0,50,-113.07,7540.0,-1997.0,536,17,5607.0,3930.0,-1997.0
405,median_mad_z,1200,3.0,0.5,150,-123.8,1576.0,-516.0,900,26,702.0,1390.0,-516.0
406,ema_z,1500,2.75,0.0,50,-136.7,1912.0,-614.0,350,12,1520.0,-614.0,1006.0
407,median_mad_z,1000,3.0,0.0,200,-144.81,6960.0,-1881.0,1905,57,7166.0,1675.0,-1881.0
408,ema_z,2000,2.5,0.5,150,-144.97,5411.0,-1492.0,2858,88,-1492.0,1854.0,5049.0
409,median_mad_z,1000,3.25,0.0,100,-147.11,2614.0,-799.0,805,25,1941.0,1472.0,-799.0
410,median_mad_z,1200,2.0,0.0,200,-154.31,3153.0,-935.0,3780,110,-935.0,-39.0,4127.0
411,ema_z,500,3.25,0.0,150,-155.4,19154.0,-4939.0,2452,72,15763.0,-4939.0,8330.0
412,ema_z,1800,3.0,0.5,200,-181.48,311.0,-255.0,2114,62,-107.0,-255.0,673.0
413,ema_z,1500,3.0,0.5,50,-189.11,329.0,-270.0,680,26,-270.0,371.0,228.0
414,median_mad_z,1200,3.0,0.5,200,-190.15,1537.0,-572.0,1200,36,1278.0,831.0,-572.0
415,rolling_z,800,3.25,0.0,50,-191.14,2786.0,-887.0,320,11,748.0,2925.0,-887.0
416,ema_z,2000,3.0,0.5,50,-198.3,178.0,-242.0,400,16,420.0,-242.0,0.0
417,ema_z,2000,3.0,0.0,150,-230.65,1461.0,-595.0,452,14,2056.0,-595.0,0.0
418,median_mad_z,1000,3.0,0.0,50,-238.32,835.0,-446.0,537,21,480.0,801.0,-446.0
419,median_mad_z,1200,2.25,0.0,50,-267.92,1682.0,-687.0,712,27,47.0,-687.0,2322.0
420,rolling_z,1200,2.75,0.0,150,-277.1,22668.0,-5939.0,2550,71,25312.0,3295.0,-5939.0
421,rolling_z,2000,2.5,0.5,50,-280.91,3067.0,-1045.0,1332,51,-1045.0,1566.0,2546.0
422,ema_z,1500,2.5,0.0,100,-284.18,6026.0,-1789.0,838,25,857.0,-1789.0,6958.0
423,ema_z,1800,3.25,0.5,100,-289.37,288.0,-360.0,686,21,-360.0,648.0,0.0
424,ema_z,1500,3.25,0.5,50,-293.75,589.0,-440.0,500,20,-440.0,432.0,597.0
425,ema_z,800,2.5,0.0,100,-305.36,9388.0,-2648.0,2178,63,7326.0,-2648.0,4710.0
426,median_mad_z,2000,2.25,0.5,50,-318.6,1244.0,-629.0,300,12,-629.0,515.0,1358.0
427,median_mad_z,800,3.0,0.0,50,-344.95,730.0,-526.0,726,29,-526.0,411.0,845.0
428,ema_z,2000,2.5,0.5,200,-352.77,7895.0,-2319.0,3758,112,-2319.0,3052.0,7162.0
429,rolling_z,1200,3.25,0.0,100,-361.58,5581.0,-1756.0,415,12,-265.0,7602.0,-1756.0
430,ema_z,500,3.25,0.0,200,-374.38,23395.0,-6217.0,3066,88,21036.0,-6217.0,8576.0
431,ema_z,1000,3.0,0.0,50,-388.4,3766.0,-1329.0,450,15,1963.0,3132.0,-1329.0
432,rolling_z,1500,3.0,0.5,50,-390.2,130.0,-421.0,850,34,-421.0,777.0,-226.0
433,rolling_z,800,2.5,0.0,50,-391.17,8505.0,-2514.0,1712,53,-2514.0,3901.0,7118.0
434,median_mad_z,1200,2.5,0.0,150,-411.41,2371.0,-1001.0,1580,48,2424.0,-1001.0,948.0
435,ema_z,1500,3.25,0.0,50,-417.75,2803.0,-1118.0,250,9,-1118.0,769.0,3152.0
436,median_mad_z,1000,3.0,0.0,150,-435.16,4307.0,-1509.0,1455,44,4033.0,1783.0,-1509.0
437,rolling_z,1500,3.25,0.0,50,-438.7,1847.0,-900.0,227,8,1856.0,891.0,-900.0
438,rolling_z,1800,2.25,0.5,200,-441.25,8793.0,-2624.0,7748,230,-2624.0,4628.0,6789.0
439,ema_z,500,3.25,0.0,50,-445.95,5831.0,-1902.0,850,28,5504.0,-1902.0,2229.0
440,ema_z,500,3.25,0.0,100,-456.9,12230.0,-3511.0,1700,50,10824.0,-3511.0,4917.0
441,ema_z,1500,2.75,0.5,50,-476.55,-343.0,-389.0,900,36,-389.0,-179.0,225.0
442,median_mad_z,1000,2.75,0.5,50,-482.85,557.0,-621.0,550,22,864.0,314.0,-621.0
443,rolling_z,2000,2.75,0.5,50,-484.14,3368.0,-1324.0,1068,42,-1324.0,1600.0,3092.0
444,rolling_z,1200,3.0,0.5,50,-489.91,-241.0,-427.0,1330,52,-15.0,201.0,-427.0
445,ema_z,1200,3.25,0.5,50,-490.26,470.0,-607.0,382,14,566.0,511.0,-607.0
446,rolling_z,500,3.0,0.0,100,-501.27,6213.0,-2050.0,2258,65,6522.0,1741.0,-2050.0
447,median_mad_z,1500,2.75,0.0,50,-518.05,743.0,-703.0,400,16,-703.0,-2.0,1448.0
448,rolling_z,1800,2.5,0.5,50,-555.7,3018.0,-1307.0,1600,64,-1307.0,1505.0,2820.0
449,rolling_z,1800,2.25,0.5,150,-561.9,5888.0,-2022.0,5948,177,-2022.0,3516.0,4394.0
450,median_mad_z,800,2.5,0.0,50,-572.5,716.0,-749.0,1248,47,-749.0,-487.0,1952.0
451,median_mad_z,1000,3.0,0.0,100,-579.26,1695.0,-1001.0,1005,30,1288.0,1408.0,-1001.0
452,ema_z,1500,3.25,0.5,100,-588.0,952.0,-824.0,1000,30,-824.0,852.0,924.0
453,ema_z,800,2.75,0.0,150,-605.63,14768.0,-4294.0,1816,53,16049.0,3013.0,-4294.0
454,ema_z,2000,3.0,0.5,100,-615.75,-289.0,-542.0,752,23,253.0,-542.0,0.0
455,ema_z,1800,3.25,0.5,200,-620.57,704.0,-794.0,1286,39,-794.0,1498.0,0.0
456,ema_z,1500,3.0,0.5,100,-633.46,-36.0,-622.0,1228,38,-622.0,567.0,19.0
457,rolling_z,1200,3.25,0.0,150,-676.63,7434.0,-2534.0,565,17,-1522.0,11490.0,-2534.0
458,rolling_z,500,2.25,0.0,50,-678.03,4212.0,-1723.0,4014,121,-1723.0,5373.0,562.0
459,ema_z,2000,2.75,0.5,150,-700.11,489.0,-819.0,1678,50,-819.0,1308.0,0.0
460,median_mad_z,1000,2.75,0.0,50,-734.32,-441.0,-623.0,537,21,-267.0,449.0,-623.0
461,ema_z,1800,3.25,0.5,150,-756.22,203.0,-805.0,986,29,-805.0,1008.0,0.0
462,ema_z,1000,3.0,0.5,200,-763.84,3557.0,-1646.0,3544,102,-698.0,5901.0,-1646.0
463,ema_z,2000,3.0,0.0,200,-785.35,143.0,-820.0,552,16,963.0,-820.0,0.0
464,rolling_z,1200,3.0,0.5,100,-790.46,386.0,-882.0,2478,74,854.0,414.0,-882.0
465,rolling_z,1500,2.5,0.5,50,-813.07,2515.0,-1438.0,1908,74,-1438.0,1615.0,2338.0
466,ema_z,800,2.75,0.0,200,-813.33,13876.0,-4278.0,2166,63,13991.0,4163.0,-4278.0
467,rolling_z,2000,2.75,0.5,100,-818.64,6734.0,-2498.0,2068,63,-2498.0,3422.0,5810.0
468,rolling_z,1200,3.25,0.0,200,-832.18,9533.0,-3214.0,715,21,-2774.0,15521.0,-3214.0
469,ema_z,1500,2.5,0.0,150,-834.88,7130.0,-2615.0,1188,34,2105.0,-2615.0,7640.0
470,ema_z,1500,3.25,0.0,100,-836.66,5689.0,-2258.0,453,13,-2258.0,1535.0,6412.0
471,ema_z,1000,3.25,0.5,50,-861.05,-117.0,-831.0,400,16,550.0,164.0,-831.0
472,median_mad_z,800,3.25,0.0,50,-877.4,742.0,-1062.0,450,18,-1062.0,540.0,1264.0
473,rolling_z,1200,3.0,0.5,150,-889.02,636.0,-1041.0,3508,101,1017.0,660.0,-1041.0
474,median_mad_z,1200,2.25,0.0,100,-898.64,2588.0,-1543.0,1320,40,863.0,-1543.0,3268.0
475,median_mad_z,2000,2.25,0.5,100,-915.7,1654.0,-1328.0,600,18,-1328.0,408.0,2574.0
476,median_mad_z,1000,2.75,0.5,100,-964.7,914.0,-1191.0,1100,33,1344.0,761.0,-1191.0
477,median_mad_z,1200,2.0,0.0,50,-968.9,-16.0,-963.0,950,37,-963.0,-114.0,1061.0
478,ema_z,1800,2.75,0.5,50,-1016.06,-382.0,-919.0,780,31,-919.0,-61.0,598.0
479,median_mad_z,1200,2.75,0.0,200,-1020.34,356.0,-1106.0,1668,49,-983.0,-1106.0,2445.0
480,ema_z,2000,3.0,0.5,150,-1060.6,-1190.0,-761.0,1052,34,-429.0,-761.0,0.0
481,ema_z,2000,2.25,0.5,50,-1069.09,241.0,-1127.0,1172,47,-1127.0,434.0,934.0
482,ema_z,1200,3.25,0.5,100,-1073.51,195.0,-1121.0,630,18,805.0,511.0,-1121.0
483,ema_z,2000,2.75,0.5,200,-1075.36,776.0,-1265.0,2178,65,-1265.0,2041.0,0.0
484,ema_z,1500,3.25,0.5,150,-1088.5,1554.0,-1474.0,1500,44,-1474.0,1397.0,1631.0
485,ema_z,650,3.25,0.0,100,-1112.47,11530.0,-3993.0,986,29,11487.0,4036.0,-3993.0
486,rolling_z,1200,2.25,0.0,200,-1121.56,8841.0,-3322.0,4904,137,13231.0,-1068.0,-3322.0
487,ema_z,1000,3.0,0.5,150,-1131.48,1813.0,-1579.0,2866,84,-1147.0,4539.0,-1579.0
488,ema_z,1500,2.75,0.5,100,-1150.72,-1673.0,-729.0,1734,52,-729.0,-409.0,-535.0
489,ema_z,800,2.5,0.0,50,-1154.3,3364.0,-1993.0,1150,36,3125.0,-1993.0,2232.0
490,median_mad_z,1500,2.75,0.0,100,-1158.6,1704.0,-1583.0,800,24,-1583.0,321.0,2966.0
491,rolling_z,1200,2.75,0.0,100,-1163.15,12785.0,-4356.0,1700,50,15563.0,1578.0,-4356.0
492,rolling_z,1500,3.0,0.0,150,-1168.25,10762.0,-3856.0,1374,39,12736.0,1882.0,-3856.0
493,median_mad_z,1200,2.5,0.0,200,-1180.76,1793.0,-1625.0,2004,58,2042.0,-1625.0,1376.0
494,ema_z,1500,2.5,0.0,200,-1216.08,8936.0,-3447.0,1538,44,3855.0,-3447.0,8528.0
495,rolling_z,1500,3.25,0.5,50,-1220.39,-717.0,-1040.0,568,21,-387.0,710.0,-1040.0
496,ema_z,1200,3.0,0.5,50,-1256.4,-1044.0,-994.0,700,27,-895.0,845.0,-994.0
497,ema_z,1000,2.75,0.0,50,-1272.65,1905.0,-1748.0,450,14,1387.0,2266.0,-1748.0
498,median_mad_z,2000,2.0,0.5,50,-1299.3,162.0,-1339.0,400,16,-1339.0,453.0,1048.0
499,ema_z,650,2.25,0.0,100,-1342.22,3907.0,-2312.0,3484,100,-2312.0,569.0,5650.0
500,rolling_z,1200,3.0,0.5,200,-1342.73,-401.0,-1234.0,4240,123,-85.0,918.0,-1234.0
501,rolling_z,1200,2.25,0.0,150,-1346.91,6871.0,-3057.0,3828,106,9494.0,434.0,-3057.0
502,rolling_z,1200,2.25,0.0,50,-1370.41,941.0,-1603.0,1328,42,2638.0,-94.0,-1603.0
503,median_mad_z,1500,3.0,0.5,50,-1375.55,757.0,-1564.0,400,16,-1564.0,1019.0,1302.0
504,rolling_z,1500,2.75,0.5,50,-1379.33,1469.0,-1744.0,1292,51,-1744.0,2542.0,671.0
505,ema_z,2000,3.0,0.5,200,-1397.45,-1815.0,-941.0,1352,40,-941.0,-874.0,0.0
506,ema_z,1500,3.25,0.0,150,-1406.21,7736.0,-3339.0,603,18,-3339.0,2367.0,8708.0
507,median_mad_z,1000,2.5,0.5,50,-1414.25,-1767.0,-971.0,750,29,-971.0,-162.0,-634.0
508,median_mad_z,800,3.0,0.0,100,-1427.0,987.0,-1671.0,1376,42,-1671.0,971.0,1687.0
509,median_mad_z,800,2.75,0.0,200,-1437.13,264.0,-1496.0,3564,107,-1496.0,1765.0,-5.0
510,median_mad_z,1200,2.0,0.0,100,-1480.55,337.0,-1561.0,1900,58,-1561.0,-188.0,2086.0
511,median_mad_z,2000,2.25,0.5,150,-1483.8,2376.0,-2076.0,900,26,-2076.0,464.0,3988.0
512,median_mad_z,1000,2.75,0.5,150,-1486.55,683.0,-1654.0,1650,49,1211.0,1126.0,-1654.0
513,rolling_z,1200,2.75,0.0,50,-1492.7,3928.0,-2473.0,850,26,6511.0,-110.0,-2473.0
514,median_mad_z,1500,2.75,0.0,150,-1506.9,2966.0,-2246.0,1200,35,-2246.0,612.0,4600.0
515,median_mad_z,1200,2.25,0.0,150,-1521.74,3420.0,-2373.0,1870,56,2329.0,-2373.0,3464.0
516,median_mad_z,800,2.5,0.0,100,-1537.8,1044.0,-1794.0,2398,72,-1794.0,-890.0,3728.0
517,median_mad_z,1500,2.5,0.0,50,-1538.55,-503.0,-1412.0,400,16,-1412.0,-146.0,1055.0
518,rolling_z,1200,2.25,0.0,100,-1542.16,3540.0,-2422.0,2578,75,5748.0,214.0,-2422.0
519,ema_z,1500,3.25,0.5,200,-1551.06,1763.0,-1988.0,1906,56,-1988.0,2083.0,1668.0
520,rolling_z,800,3.25,0.0,100,-1573.39,735.0,-1756.0,570,16,-258.0,2749.0,-1756.0
521,median_mad_z,1200,2.0,0.0,150,-1573.45,1057.0,-1832.0,2850,86,-1832.0,-169.0,3058.0
522,ema_z,1000,3.0,0.5,100,-1591.68,9.0,-1590.0,1967,59,-1590.0,2949.0,-1350.0
523,ema_z,1500,2.5,0.5,50,-1592.87,-1121.0,-1310.0,1308,50,-1310.0,-480.0,669.0
524,ema_z,650,3.25,0.0,150,-1609.62,16205.0,-5658.0,1436,43,17545.0,4318.0,-5658.0
525,rolling_z,1800,3.25,0.0,50,-1630.25,-1499.0,-1255.0,250,9,-1137.0,893.0,-1255.0
526,rolling_z,1800,3.25,0.5,50,-1647.2,-444.0,-1535.0,600,23,-1535.0,830.0,261.0
527,rolling_z,1000,2.5,0.0,50,-1662.5,-100.0,-1635.0,1250,39,82.0,1453.0,-1635.0
528,rolling_z,2000,2.5,0.5,100,-1670.86,4740.0,-2851.0,2432,73,-2851.0,2560.0,5031.0
529,median_mad_z,1200,2.25,0.0,200,-1720.34,5754.0,-3154.0,2420,71,5254.0,-3154.0,3654.0
530,median_mad_z,2000,2.25,0.5,200,-1730.1,2536.0,-2362.0,1052,30,-2362.0,803.0,4095.0
531,median_mad_z,1200,2.75,0.0,50,-1740.4,-874.0,-1521.0,450,17,-1521.0,135.0,512.0
532,median_mad_z,1000,2.5,0.0,50,-1748.47,-1928.0,-1265.0,737,28,-1265.0,-27.0,-636.0
533,ema_z,1200,2.75,0.5,50,-1751.0,-2037.0,-1240.0,876,34,-1240.0,98.0,-895.0
534,median_mad_z,1500,2.75,0.0,200,-1767.2,4468.0,-2881.0,1600,46,-2881.0,1002.0,6347.0
535,rolling_z,1200,3.25,0.5,50,-1785.57,-2754.0,-1096.0,533,21,-1082.0,-576.0,-1096.0
536,median_mad_z,1000,2.75,0.0,100,-1807.57,-1254.0,-1492.0,1037,31,-635.0,873.0,-1492.0
537,ema_z,1000,3.25,0.5,100,-1846.81,-662.0,-1680.0,654,20,715.0,303.0,-1680.0
538,ema_z,1500,2.25,0.5,50,-1858.44,-1033.0,-1596.0,2094,81,-1596.0,-79.0,642.0
539,ema_z,650,3.25,0.0,200,-1876.02,21395.0,-7221.0,1886,54,23744.0,4872.0,-7221.0
540,rolling_z,2000,3.0,0.5,50,-1894.2,320.0,-1973.0,600,24,-1973.0,280.0,2013.0
541,ema_z,1800,2.75,0.5,100,-1903.88,-1064.0,-1635.0,1438,44,-1635.0,-73.0,644.0
542,rolling_z,1500,3.25,0.0,100,-1915.4,-339.0,-1830.0,327,10,600.0,891.0,-1830.0
543,rolling_z,650,2.75,0.0,150,-1933.24,17788.0,-6374.0,3120,88,21861.0,-6374.0,2301.0
544,median_mad_z,1500,2.75,0.5,50,-1939.05,-369.0,-1846.0,400,16,-1846.0,424.0,1053.0
545,ema_z,1800,2.5,0.5,50,-1954.25,-1045.0,-1691.0,1000,40,-1691.0,-138.0,784.0
546,median_mad_z,1000,2.75,0.5,200,-1960.1,273.0,-2024.0,2174,64,1006.0,1291.0,-2024.0
547,rolling_z,1000,3.0,0.0,50,-1980.82,3337.0,-2814.0,536,18,3934.0,2217.0,-2814.0
548,ema_z,1200,3.25,0.5,150,-1996.41,-543.0,-1859.0,830,24,805.0,511.0,-1859.0
549,ema_z,1500,3.25,0.0,200,-1998.01,9730.0,-4429.0,753,22,-4429.0,3203.0,10956.0
550,ema_z,1000,2.75,0.0,100,-2005.55,5077.0,-3273.0,900,27,3602.0,4748.0,-3273.0
551,rolling_z,1800,2.5,0.5,100,-2043.8,5578.0,-3432.0,3148,95,-3432.0,3218.0,5792.0
552,median_mad_z,1200,2.75,0.0,100,-2075.99,-817.0,-1870.0,868,27,-1870.0,-45.0,1098.0
553,rolling_z,1800,3.0,0.0,50,-2085.25,-2283.0,-1514.0,250,9,-1137.0,368.0,-1514.0
554,rolling_z,1500,3.0,0.0,200,-2091.75,9678.0,-4508.0,1624,47,11478.0,2708.0,-4508.0
555,ema_z,1000,3.0,0.5,50,-2095.5,-1342.0,-1758.0,1000,39,-1758.0,1148.0,-732.0
556,ema_z,500,3.0,0.0,50,-2126.63,745.0,-2311.0,940,30,4820.0,-2311.0,-1764.0
557,rolling_z,1800,3.0,0.5,50,-2147.95,-1423.0,-1791.0,600,24,-1791.0,305.0,63.0
558,rolling_z,2000,3.25,0.5,50,-2156.3,-1246.0,-1844.0,400,16,-1844.0,783.0,-185.0
559,rolling_z,1800,2.0,0.5,50,-2160.17,-836.0,-1946.0,2584,103,-1946.0,1095.0,15.0
560,ema_z,650,2.25,0.0,50,-2171.8,3048.0,-2930.0,1898,58,-2930.0,705.0,5273.0
561,median_mad_z,1000,2.25,0.0,50,-2173.57,-1562.0,-1781.0,1037,41,-1781.0,558.0,-339.0
562,median_mad_z,1200,2.75,0.0,150,-2202.54,-840.0,-1990.0,1268,38,-1990.0,-559.0,1709.0
563,median_mad_z,1000,2.25,0.5,50,-2233.1,-2904.0,-1505.0,1050,42,-1487.0,88.0,-1505.0
564,rolling_z,1500,2.25,0.5,50,-2248.83,-72.0,-2226.0,2416,94,-2226.0,218.0,1936.0
565,ema_z,1000,2.75,0.0,200,-2272.85,12791.0,-5467.0,1800,51,8304.0,9954.0,-5467.0
566,rolling_z,800,2.75,0.0,50,-2317.22,1263.0,-2631.0,984,31,4324.0,-430.0,-2631.0
567,median_mad_z,1200,2.5,0.5,50,-2326.26,-1840.0,-1865.0,632,24,-1865.0,578.0,-553.0
568,median_mad_z,1500,2.25,0.0,50,-2328.05,-1737.0,-1893.0,400,16,-1893.0,-734.0,890.0
569,rolling_z,1500,3.0,0.5,100,-2361.98,-727.0,-2177.0,1616,48,-2177.0,1588.0,-138.0
570,ema_z,2000,2.0,0.5,50,-2373.88,-930.0,-2138.0,1688,67,-2138.0,22.0,1186.0
571,median_mad_z,1500,2.0,0.0,50,-2381.07,372.0,-2473.0,533,21,-2473.0,-507.0,3352.0
572,ema_z,1200,3.0,0.5,100,-2384.49,-1843.0,-1921.0,1372,41,-1408.0,1486.0,-1921.0
573,ema_z,800,3.25,0.5,50,-2388.3,-3390.0,-1540.0,400,16,-1427.0,-423.0,-1540.0
574,ema_z,1500,3.0,0.5,150,-2391.21,-1511.0,-2010.0,1728,51,-2010.0,851.0,-352.0
575,ema_z,1200,3.25,0.5,200,-2394.31,-861.0,-2177.0,1030,30,805.0,511.0,-2177.0
576,median_mad_z,1000,2.75,0.0,150,-2400.32,-509.0,-2270.0,1537,47,685.0,1076.0,-2270.0
577,median_mad_z,800,3.25,0.0,100,-2441.3,814.0,-2643.0,900,27,-2643.0,1100.0,2357.0
578,rolling_z,1200,2.75,0.5,50,-2445.7,-2972.0,-1699.0,1850,73,-1699.0,-512.0,-761.0
579,ema_z,2000,2.25,0.5,100,-2451.96,318.0,-2527.0,2230,67,-2527.0,1314.0,1531.0
580,ema_z,1000,2.75,0.0,150,-2485.95,8563.0,-4624.0,1350,39,5897.0,7290.0,-4624.0
581,rolling_z,2000,2.75,0.5,150,-2492.79,8748.0,-4674.0,2896,88,-4674.0,4653.0,8769.0
582,rolling_z,1500,2.5,0.5,100,-2513.57,4223.0,-3562.0,3658,110,-3562.0,3798.0,3987.0
583,ema_z,800,3.0,0.5,50,-2549.9,-3143.0,-1762.0,1074,40,-1762.0,141.0,-1522.0
584,ema_z,1200,2.5,0.5,50,-2583.54,-2012.0,-2078.0,1268,50,-2078.0,-495.0,561.0
585,rolling_z,2000,2.5,0.5,150,-2594.06,6820.0,-4292.0,3532,106,-4292.0,3686.0,7426.0
586,median_mad_z,1500,3.0,0.5,100,-2603.85,1719.0,-3032.0,800,24,-3032.0,2176.0,2575.0
587,rolling_z,1800,2.75,0.5,50,-2621.15,-1807.0,-2168.0,700,28,-2168.0,-253.0,614.0
588,rolling_z,1000,3.0,0.5,50,-2635.77,-3932.0,-1650.0,1386,55,-1650.0,-698.0,-1584.0
589,ema_z,800,3.25,0.0,50,-2642.55,-3757.0,-1703.0,150,6,-1703.0,-1154.0,-900.0
590,median_mad_z,1200,2.75,0.5,50,-2662.9,-1576.0,-2268.0,450,17,-2268.0,1068.0,-376.0
591,rolling_z,1000,3.25,0.5,50,-2670.64,-3623.0,-1763.0,946,38,-1763.0,-148.0,-1712.0
592,rolling_z,1000,3.25,0.0,50,-2757.6,2145.0,-3293.0,423,14,1483.0,3955.0,-3293.0
593,median_mad_z,2000,2.0,0.5,100,-2761.5,-420.0,-2655.0,750,22,-2655.0,46.0,2189.0
594,rolling_z,1500,3.25,0.5,100,-2773.44,-3158.0,-1982.0,968,30,-1886.0,710.0,-1982.0
595,ema_z,1500,2.75,0.5,150,-2778.82,-4019.0,-1769.0,2534,74,-1769.0,-627.0,-1623.0
596,ema_z,1000,2.75,0.5,50,-2803.7,-2686.0,-2130.0,1100,43,-2130.0,921.0,-1477.0
597,rolling_z,1800,2.75,0.0,50,-2848.5,-3340.0,-2013.0,250,9,-1137.0,-190.0,-2013.0
598,rolling_z,800,3.25,0.5,50,-2850.39,-3205.0,-2048.0,570,22,-2048.0,110.0,-1267.0
599,median_mad_z,1000,2.0,0.0,50,-2852.31,-410.0,-2747.0,1403,55,-2747.0,-12.0,2349.0
600,ema_z,1000,3.25,0.5,150,-2858.26,-1471.0,-2489.0,754,23,715.0,303.0,-2489.0
601,rolling_z,1000,2.75,0.0,50,-2863.45,1209.0,-3164.0,850,27,3422.0,951.0,-3164.0
602,median_mad_z,1500,2.5,0.5,50,-2902.75,-1387.0,-2555.0,500,20,-2555.0,508.0,660.0
603,rolling_z,1800,3.25,0.0,100,-2904.5,-2482.0,-2283.0,500,15,-2283.0,1913.0,-2112.0
604,rolling_z,1000,2.0,0.0,50,-2981.31,1925.0,-3458.0,2280,70,-2007.0,7390.0,-3458.0
605,median_mad_z,1000,2.75,0.0,200,-2989.77,-143.0,-2950.0,2011,59,2422.0,385.0,-2950.0
606,rolling_z,2000,3.25,0.0,50,-2993.12,-2199.0,-2443.0,187,7,-2443.0,763.0,-519.0
607,rolling_z,1800,3.25,0.5,100,-3044.9,-470.0,-2925.0,1200,36,-2925.0,1754.0,701.0
608,ema_z,1800,2.25,0.5,50,-3055.73,-2497.0,-2429.0,1238,49,-2429.0,3.0,-71.0
609,median_mad_z,1500,2.5,0.0,100,-3131.6,-1044.0,-2869.0,800,24,-2869.0,-446.0,2271.0
610,rolling_z,1200,2.0,0.0,50,-3161.06,28.0,-3165.0,1528,47,2373.0,820.0,-3165.0
611,ema_z,1800,2.75,0.5,150,-3200.83,-2159.0,-2657.0,2038,61,-2657.0,-172.0,670.0
612,median_mad_z,1200,2.25,0.5,50,-3226.62,-1668.0,-2808.0,812,32,-2808.0,246.0,894.0
613,rolling_z,800,3.0,0.0,50,-3242.35,643.0,-3402.0,550,18,1000.0,3045.0,-3402.0
614,rolling_z,1500,2.75,0.5,100,-3253.63,2277.0,-3818.0,2442,74,-3818.0,4884.0,1211.0
615,median_mad_z,1000,2.0,0.5,50,-3255.83,-3200.0,-2453.0,1416,56,-2453.0,-507.0,-240.0
616,median_mad_z,1000,2.5,0.5,100,-3277.0,-3852.0,-2311.0,1500,45,-2311.0,-276.0,-1265.0
617,rolling_z,2000,3.0,0.0,50,-3283.32,-2903.0,-2557.0,287,10,-2557.0,260.0,-606.0
618,rolling_z,1500,3.25,0.0,150,-3300.85,-2452.0,-2687.0,427,14,-656.0,891.0,-2687.0
619,rolling_z,2000,2.5,0.5,200,-3319.51,9267.0,-5627.0,4632,136,-5627.0,4833.0,10061.0
620,rolling_z,650,3.25,0.0,50,-3324.8,-2067.0,-2807.0,524,17,3286.0,-2546.0,-2807.0
621,median_mad_z,650,3.25,0.0,50,-3374.92,-4395.0,-2275.0,584,23,-2120.0,0.0,-2275.0
622,median_mad_z,800,2.25,0.0,50,-3393.95,-958.0,-3151.0,1726,68,-3151.0,-143.0,2336.0
623,rolling_z,500,3.25,0.0,50,-3441.19,-3283.0,-2619.0,718,23,-309.0,-355.0,-2619.0
624,rolling_z,1200,3.25,0.5,100,-3587.99,-5388.0,-2239.0,997,29,-2239.0,-946.0,-2203.0
625,median_mad_z,800,3.0,0.0,150,-3596.65,-91.0,-3570.0,1952,59,-3570.0,1442.0,2037.0
626,median_mad_z,800,2.5,0.0,150,-3609.1,352.0,-3690.0,3548,106,-3690.0,-880.0,4922.0
627,ema_z,650,3.25,0.5,50,-3609.47,-4378.0,-2513.0,986,39,-1715.0,-150.0,-2513.0
628,ema_z,1500,2.5,0.5,100,-3614.33,-3931.0,-2627.0,2290,69,-2627.0,-1078.0,-226.0
629,ema_z,1200,3.0,0.5,150,-3638.94,-2764.0,-2944.0,1972,57,-1623.0,1803.0,-2944.0
630,median_mad_z,1000,2.5,0.0,150,-3642.02,-4859.0,-2423.0,2137,64,-2253.0,-183.0,-2423.0
631,rolling_z,1200,2.75,0.5,200,-3678.7,-3657.0,-2751.0,6724,195,-2751.0,-98.0,-808.0
632,rolling_z,2000,3.0,0.5,100,-3703.15,737.0,-3885.0,1200,36,-3885.0,488.0,4134.0
633,ema_z,1800,2.75,0.5,200,-3715.03,-2343.0,-3124.0,2638,78,-3124.0,-81.0,862.0
634,median_mad_z,800,3.25,0.5,50,-3718.65,-3571.0,-2825.0,450,18,-1286.0,540.0,-2825.0
635,ema_z,1200,2.75,0.5,100,-3721.76,-4342.0,-2633.0,1628,48,-2633.0,456.0,-2165.0
636,rolling_z,1200,2.75,0.5,100,-3736.98,-4523.0,-2599.0,3616,109,-2599.0,-436.0,-1488.0
637,median_mad_z,1500,2.25,0.5,50,-3738.75,-2807.0,-3036.0,500,20,-3036.0,-266.0,495.0
638,median_mad_z,1000,2.5,0.0,100,-3785.37,-4410.0,-2680.0,1437,43,-2680.0,-164.0,-1566.0
639,rolling_z,2000,2.75,0.5,200,-3790.89,11102.0,-6559.0,3696,108,-6559.0,5622.0,12039.0
640,ema_z,1000,3.25,0.5,200,-3802.21,-2226.0,-3244.0,854,26,715.0,303.0,-3244.0
641,median_mad_z,1500,3.0,0.5,150,-3826.15,2485.0,-4445.0,1200,35,-4445.0,3199.0,3731.0
642,ema_z,500,3.0,0.0,100,-3897.08,2818.0,-4598.0,1790,54,9934.0,-4598.0,-2518.0
643,median_mad_z,1200,2.75,0.5,100,-3907.74,-2116.0,-3377.0,868,26,-3377.0,1886.0,-625.0
644,rolling_z,500,2.0,0.0,50,-3908.05,-281.0,-3828.0,4898,148,-3828.0,1078.0,2469.0
645,rolling_z,1200,2.75,0.5,150,-3946.6,-4665.0,-2770.0,5174,151,-2770.0,-372.0,-1523.0
646,ema_z,1500,3.0,0.5,200,-3981.96,-2602.0,-3327.0,2228,68,-3327.0,1324.0,-599.0
647,rolling_z,1800,2.5,0.5,150,-3986.13,8288.0,-6049.0,4564,137,-6049.0,5189.0,9148.0
648,median_mad_z,650,3.0,0.0,50,-3991.98,-5011.0,-2738.0,617,24,-2738.0,393.0,-2666.0
649,median_mad_z,800,2.25,0.0,100,-4011.86,1250.0,-4318.0,3182,97,-4318.0,-288.0,5856.0
650,rolling_z,650,3.0,0.0,50,-4021.49,287.0,-4092.0,620,20,6014.0,-1635.0,-4092.0
651,ema_z,1500,2.0,0.5,50,-4049.5,-5561.0,-2654.0,2626,103,-2654.0,-911.0,-1996.0
652,rolling_z,500,3.0,0.0,150,-4068.62,364.0,-4154.0,2808,77,3025.0,1493.0,-4154.0
653,median_mad_z,2000,2.0,0.5,150,-4071.1,-672.0,-3901.0,1050,31,-3901.0,-288.0,3517.0
654,ema_z,1500,2.75,0.5,200,-4093.17,-5886.0,-2615.0,3334,98,-2615.0,-703.0,-2568.0
655,rolling_z,1800,3.0,0.0,100,-4117.75,-4379.0,-3022.0,500,15,-2283.0,926.0,-3022.0
656,rolling_z,1500,2.5,0.5,150,-4119.66,6028.0,-5616.0,5330,162,-5616.0,5700.0,5944.0
657,ema_z,1800,2.5,0.5,100,-4125.42,-2030.0,-3614.0,1958,59,-3614.0,-28.0,1612.0
658,median_mad_z,1500,2.75,0.5,100,-4138.1,-658.0,-3972.0,800,24,-3972.0,1255.0,2059.0
659,rolling_z,1000,3.0,0.0,100,-4156.22,4347.0,-5241.0,986,28,5318.0,4270.0,-5241.0
660,median_mad_z,800,2.25,0.0,150,-4173.7,2767.0,-4856.0,4726,141,-4856.0,-396.0,8019.0
661,rolling_z,800,3.25,0.0,150,-4183.39,-3311.0,-3354.0,820,24,-3354.0,2577.0,-2534.0
662,median_mad_z,800,3.0,0.5,50,-4186.95,-3350.0,-3348.0,726,29,-136.0,134.0,-3348.0
663,rolling_z,1000,2.25,0.0,50,-4205.26,-2789.0,-3505.0,1506,47,-1914.0,2630.0,-3505.0
664,ema_z,650,3.0,0.5,50,-4212.68,-5953.0,-2721.0,1716,68,-1928.0,-1304.0,-2721.0
665,rolling_z,2000,3.25,0.5,100,-4216.1,-2310.0,-3637.0,800,24,-3637.0,1614.0,-287.0
666,rolling_z,1800,2.0,0.5,100,-4218.42,-1021.0,-3953.0,5084,153,-3953.0,2818.0,114.0
667,ema_z,1500,2.25,0.5,100,-4232.68,-2944.0,-3489.0,3840,116,-3489.0,-209.0,754.0
668,ema_z,2000,2.25,0.5,150,-4256.21,261.0,-4315.0,3230,96,-4315.0,2453.0,2123.0
669,rolling_z,1200,2.5,0.5,50,-4276.86,-5362.0,-2932.0,2182,86,-2932.0,-2158.0,-272.0
670,rolling_z,1000,3.25,0.0,100,-4331.55,5188.0,-5627.0,773,23,2762.0,8053.0,-5627.0
671,median_mad_z,650,3.25,0.5,50,-4344.17,-5604.0,-2942.0,584,23,-2942.0,0.0,-2662.0
672,median_mad_z,1500,2.0,0.5,50,-4374.71,-3029.0,-3616.0,728,29,-3616.0,-401.0,988.0
673,rolling_z,1800,3.25,0.0,150,-4380.92,-3750.0,-3442.0,711,21,-3442.0,2144.0,-2452.0
674,rolling_z,1500,3.25,0.5,150,-4389.99,-5217.0,-3083.0,1368,43,-3083.0,710.0,-2844.0
675,ema_z,1800,2.0,0.5,50,-4391.42,-4537.0,-3254.0,1584,63,-3254.0,-536.0,-747.0
676,rolling_z,1500,2.0,0.5,50,-4402.17,-3757.0,-3456.0,3460,133,-3456.0,-92.0,-209.0
677,rolling_z,1000,2.75,0.0,100,-4406.65,6995.0,-6152.0,1700,50,11074.0,2073.0,-6152.0
678,rolling_z,1500,3.0,0.5,150,-4426.63,-1776.0,-3978.0,2316,68,-3978.0,2155.0,47.0
679,median_mad_z,1500,2.5,0.0,150,-4437.4,-1144.0,-4149.0,1200,34,-4149.0,-706.0,3711.0
680,ema_z,1200,3.0,0.5,200,-4506.14,-2636.0,-3842.0,2572,76,-938.0,2144.0,-3842.0
681,rolling_z,1800,3.0,0.5,100,-4564.65,-2897.0,-3838.0,1200,36,-3838.0,767.0,174.0
682,ema_z,1000,2.5,0.5,50,-4575.83,-4157.0,-3533.0,1788,71,-3533.0,-617.0,-7.0
683,median_mad_z,650,2.75,0.0,50,-4610.1,-5281.0,-3288.0,926,36,-2468.0,475.0,-3288.0
684,rolling_z,1500,2.5,0.5,200,-4628.54,8605.0,-6766.0,6896,201,-6766.0,7805.0,7566.0
685,median_mad_z,800,3.25,0.0,150,-4632.04,-298.0,-4555.0,1270,40,-4555.0,1460.0,2797.0
686,rolling_z,1500,3.25,0.0,200,-4671.05,-4556.0,-3531.0,527,16,-1916.0,891.0,-3531.0
687,median_mad_z,1500,2.25,0.0,100,-4682.35,-3403.0,-3830.0,800,24,-3830.0,-1403.0,1830.0
688,rolling_z,1800,3.25,0.5,150,-4689.94,-1082.0,-4416.0,1722,51,-4416.0,1963.0,1371.0
689,ema_z,800,3.25,0.5,100,-4718.6,-6532.0,-3084.0,800,24,-2767.0,-681.0,-3084.0
690,median_mad_z,1000,2.5,0.0,200,-4719.17,-5482.0,-3343.0,2837,85,-1633.0,-506.0,-3343.0
691,rolling_z,2000,3.25,0.0,100,-4723.17,-3318.0,-3893.0,337,10,-3893.0,1502.0,-927.0
692,rolling_z,650,2.75,0.0,200,-4742.29,16353.0,-8823.0,3770,106,23832.0,-8823.0,1344.0
693,median_mad_z,800,2.75,0.5,50,-4851.9,-3764.0,-3909.0,950,38,393.0,-248.0,-3909.0
694,rolling_z,1500,2.75,0.5,150,-4874.89,3453.0,-5731.0,3572,106,-5731.0,7392.0,1792.0
695,median_mad_z,800,2.5,0.5,50,-4878.25,-5931.0,-3393.0,1248,47,-1654.0,-884.0,-3393.0
696,ema_z,1000,2.75,0.5,100,-4951.58,-4373.0,-3854.0,2167,65,-3854.0,2097.0,-2616.0
697,ema_z,800,3.0,0.5,100,-4958.67,-5828.0,-3498.0,1834,55,-3498.0,599.0,-2929.0
698,ema_z,1200,2.25,0.5,50,-5004.84,-5874.0,-3532.0,2172,86,-3532.0,-412.0,-1930.0
699,median_mad_z,1200,2.0,0.5,50,-5025.85,-4503.0,-3898.0,1050,42,-3898.0,-29.0,-576.0
700,ema_z,2000,2.0,0.5,100,-5077.41,-1960.0,-4581.0,3204,96,-4581.0,479.0,2142.0
701,rolling_z,1000,3.0,0.5,100,-5081.69,-7214.0,-3273.0,2595,80,-3222.0,-719.0,-3273.0
702,median_mad_z,1000,2.25,0.0,100,-5103.44,-4774.0,-3906.0,1971,59,-3906.0,774.0,-1642.0
703,median_mad_z,650,3.0,0.5,50,-5116.23,-6220.0,-3560.0,617,24,-3560.0,393.0,-3053.0
704,median_mad_z,1000,2.25,0.5,100,-5126.32,-6341.0,-3537.0,2034,61,-3537.0,204.0,-3008.0
705,ema_z,800,2.75,0.5,50,-5137.34,-5621.0,-3729.0,1546,60,-3729.0,-353.0,-1539.0
706,rolling_z,1500,3.25,0.5,200,-5168.04,-6378.0,-3570.0,1768,51,-3518.0,710.0,-3570.0
707,rolling_z,2000,3.0,0.5,150,-5168.6,1800.0,-5615.0,1800,53,-5615.0,823.0,6592.0
708,ema_z,500,3.0,0.0,150,-5183.53,5639.0,-6588.0,2640,78,12447.0,-6588.0,-220.0
709,median_mad_z,1500,3.0,0.5,200,-5193.95,2865.0,-5907.0,1600,46,-5907.0,3761.0,5011.0
710,rolling_z,2000,3.0,0.0,100,-5194.32,-4609.0,-4041.0,537,16,-4041.0,376.0,-944.0
711,median_mad_z,2000,2.0,0.5,200,-5216.95,-761.0,-5024.0,1350,40,-5024.0,-356.0,4619.0
712,ema_z,800,3.25,0.0,100,-5234.35,-7503.0,-3358.0,300,9,-3358.0,-2315.0,-1830.0
713,rolling_z,800,3.0,0.0,100,-5276.75,2053.0,-5788.0,1000,30,1364.0,6477.0,-5788.0
714,rolling_z,1800,2.5,0.5,200,-5306.91,11351.0,-8133.0,5830,173,-8133.0,7375.0,12109.0
715,median_mad_z,1500,2.0,0.0,100,-5348.32,-1009.0,-5094.0,1033,31,-5094.0,-1445.0,5530.0
716,rolling_z,1800,2.75,0.0,100,-5351.25,-6441.0,-3740.0,500,15,-2283.0,-418.0,-3740.0
717,rolling_z,1800,2.75,0.5,100,-5359.55,-3747.0,-4420.0,1400,42,-4420.0,-577.0,1250.0
718,rolling_z,1000,3.25,0.5,100,-5387.24,-7107.0,-3607.0,1746,54,-2922.0,-578.0,-3607.0
719,median_mad_z,500,3.25,0.0,50,-5393.55,-5977.0,-3898.0,650,26,-2619.0,540.0,-3898.0
720,median_mad_z,1200,2.5,0.5,100,-5407.51,-4065.0,-4389.0,1130,34,-4389.0,1440.0,-1116.0
721,median_mad_z,1000,2.5,0.5,150,-5422.0,-5886.0,-3946.0,2250,66,-3946.0,-133.0,-1807.0
722,ema_z,1200,2.0,0.5,50,-5440.57,-6461.0,-3819.0,3158,125,-2687.0,45.0,-3819.0
723,median_mad_z,1200,2.75,0.5,150,-5454.54,-3932.0,-4469.0,1268,37,-4469.0,1371.0,-834.0
724,ema_z,1200,2.75,0.5,150,-5462.16,-6538.0,-3823.0,2328,68,-3823.0,737.0,-3452.0
725,rolling_z,1200,3.25,0.5,150,-5464.04,-7853.0,-3498.0,1397,40,-3498.0,-1113.0,-3242.0
726,rolling_z,800,3.25,0.5,100,-5491.89,-6959.0,-3750.0,1070,32,-3750.0,-707.0,-2502.0
727,median_mad_z,1500,2.5,0.0,200,-5523.45,-885.0,-5299.0,1600,46,-5299.0,-804.0,5218.0
728,ema_z,2000,2.25,0.5,200,-5657.46,1272.0,-5967.0,4230,126,-5967.0,4121.0,3118.0
729,ema_z,1200,2.5,0.5,100,-5673.18,-5194.0,-4370.0,2338,70,-4370.0,-812.0,-12.0
730,rolling_z,800,3.0,0.5,50,-5678.04,-6194.0,-4127.0,1270,50,-4127.0,148.0,-2215.0
731,rolling_z,500,3.25,0.0,100,-5691.79,-7585.0,-3793.0,1268,38,-3776.0,-16.0,-3793.0
732,rolling_z,1500,2.25,0.5,100,-5695.32,-24.0,-5680.0,4660,140,-5680.0,1065.0,4591.0
733,rolling_z,1800,2.0,0.5,150,-5728.52,-250.0,-5651.0,7510,227,-5651.0,4552.0,849.0
734,ema_z,1000,2.25,0.5,50,-5760.31,-7150.0,-3967.0,2906,114,-3967.0,-1165.0,-2018.0
735,rolling_z,1500,2.75,0.5,200,-5766.64,4802.0,-6958.0,4572,135,-6958.0,8905.0,2855.0
736,rolling_z,1000,2.75,0.5,50,-5809.46,-8039.0,-3796.0,1854,72,-3796.0,-2466.0,-1777.0
737,ema_z,500,3.0,0.0,200,-5825.98,9904.0,-8295.0,3490,101,15859.0,-8295.0,2340.0
738,rolling_z,1800,3.25,0.0,200,-5872.15,-5258.0,-4556.0,823,23,-4556.0,2144.0,-2846.0
739,rolling_z,1000,3.25,0.0,150,-5875.0,6381.0,-7468.0,1123,32,1672.0,12177.0,-7468.0
740,rolling_z,1200,2.25,0.5,50,-5896.01,-8309.0,-3813.0,2878,115,-3813.0,-2574.0,-1922.0
741,rolling_z,1800,3.0,0.0,150,-5949.75,-6233.0,-4390.0,750,22,-3442.0,1599.0,-4390.0
742,ema_z,500,3.25,0.5,50,-5984.28,-9202.0,-3681.0,1388,55,-3388.0,-2133.0,-3681.0
743,median_mad_z,800,3.0,0.0,200,-6002.3,-1670.0,-5580.0,2402,72,-5580.0,1865.0,2045.0
744,median_mad_z,1500,2.5,0.5,100,-6017.19,-3029.0,-5258.0,968,29,-5258.0,865.0,1364.0
745,median_mad_z,1000,2.25,0.0,150,-6042.67,-6864.0,-4321.0,2833,85,-4321.0,678.0,-3221.0
746,ema_z,1800,2.5,0.5,150,-6059.47,-2427.0,-5447.0,2858,84,-5447.0,129.0,2891.0
747,median_mad_z,800,2.5,0.0,200,-6059.73,-602.0,-5900.0,4614,136,-5900.0,-920.0,6218.0
748,rolling_z,2000,3.25,0.5,150,-6070.65,-3277.0,-5249.0,1200,36,-5249.0,2420.0,-448.0
749,rolling_z,1000,3.25,0.0,200,-6087.5,7681.0,-8005.0,1375,38,-564.0,16250.0,-8005.0
750,rolling_z,1000,3.0,0.0,150,-6113.37,5506.0,-7487.0,1436,40,6455.0,6538.0,-7487.0
751,rolling_z,1500,3.0,0.5,200,-6124.78,-2323.0,-5538.0,3016,88,-5538.0,2786.0,429.0
752,median_mad_z,650,3.25,0.0,100,-6149.17,-7968.0,-4155.0,1084,33,-3813.0,0.0,-4155.0
753,ema_z,1800,2.25,0.5,100,-6216.09,-4886.0,-4990.0,2296,69,-4990.0,368.0,-264.0
754,median_mad_z,1500,2.75,0.5,150,-6218.4,-988.0,-5969.0,1200,36,-5969.0,2026.0,2955.0
755,median_mad_z,650,2.75,0.5,50,-6235.85,-7824.0,-4278.0,926,35,-4278.0,135.0,-3681.0
756,median_mad_z,500,3.0,0.0,50,-6270.74,-6798.0,-4569.0,1118,44,-2265.0,36.0,-4569.0
757,ema_z,1500,2.5,0.5,150,-6274.13,-7171.0,-4475.0,3190,96,-4475.0,-1634.0,-1062.0
758,rolling_z,2000,3.25,0.0,150,-6289.97,-4320.0,-5209.0,487,14,-5209.0,2276.0,-1387.0
759,rolling_z,1800,2.0,0.5,200,-6317.32,2138.0,-6832.0,9910,292,-6832.0,6548.0,2422.0
760,median_mad_z,1200,2.25,0.5,100,-6329.79,-4059.0,-5312.0,1520,46,-5312.0,388.0,865.0
761,rolling_z,650,3.25,0.5,50,-6345.8,-7394.0,-4495.0,1150,44,-464.0,-4495.0,-2435.0
762,median_mad_z,1000,2.0,0.0,100,-6351.66,-2701.0,-5671.0,2703,82,-5671.0,-267.0,3237.0
763,median_mad_z,500,3.25,0.5,50,-6363.8,-7546.0,-4476.0,650,26,-3610.0,540.0,-4476.0
764,rolling_z,650,3.0,0.5,50,-6430.7,-8116.0,-4398.0,1850,73,-2505.0,-4398.0,-1213.0
765,median_mad_z,800,2.0,0.0,50,-6456.55,-5767.0,-5010.0,2402,93,-5010.0,-1149.0,392.0
766,ema_z,1000,2.75,0.5,150,-6470.18,-5167.0,-5172.0,3217,96,-5172.0,3470.0,-3465.0
767,rolling_z,1800,3.25,0.5,200,-6550.02,-2779.0,-5851.0,2134,62,-5851.0,1963.0,1109.0
768,rolling_z,2000,3.0,0.5,200,-6555.3,2882.0,-7271.0,2400,71,-7271.0,1079.0,9074.0
769,ema_z,1200,2.75,0.5,200,-6563.06,-7936.0,-4573.0,3028,89,-4573.0,1099.0,-4462.0
770,median_mad_z,1500,2.25,0.0,150,-6589.15,-4499.0,-5462.0,1200,36,-5462.0,-2093.0,3056.0
771,rolling_z,1000,2.75,0.0,150,-6676.34,9986.0,-9168.0,2418,67,15940.0,3214.0,-9168.0
772,ema_z,1000,2.5,0.5,100,-6917.03,-6229.0,-5353.0,3389,102,-5353.0,-631.0,-245.0
773,rolling_z,2000,3.0,0.0,150,-6933.07,-5954.0,-5443.0,787,22,-5443.0,679.0,-1190.0
774,median_mad_z,1200,2.75,0.5,200,-6933.84,-5750.0,-5493.0,1668,49,-5493.0,556.0,-813.0
775,ema_z,1000,2.0,0.5,50,-6939.49,-10416.0,-4327.0,4244,169,-4314.0,-1775.0,-4327.0
776,rolling_z,1200,2.0,0.0,100,-6939.96,-1132.0,-6651.0,2978,84,5771.0,-252.0,-6651.0
777,rolling_z,800,2.75,0.5,50,-6941.05,-7974.0,-4943.0,2276,88,-4943.0,-2009.0,-1022.0
778,median_mad_z,1000,2.25,0.0,200,-6959.27,-8992.0,-4704.0,3633,107,-4103.0,-185.0,-4704.0
779,ema_z,1800,2.5,0.5,200,-6963.02,-1682.0,-6535.0,3758,111,-6535.0,519.0,4334.0
780,rolling_z,1000,3.0,0.5,150,-6968.2,-9519.0,-4581.0,3727,111,-4356.0,-582.0,-4581.0
781,rolling_z,1200,3.25,0.5,200,-7001.84,-9729.0,-4566.0,1797,51,-4566.0,-1073.0,-4090.0
782,rolling_z,1800,3.0,0.0,200,-7002.5,-7370.0,-5158.0,1000,30,-4556.0,2344.0,-5158.0
783,ema_z,800,3.25,0.5,150,-7008.4,-9624.0,-4600.0,1200,37,-4072.0,-952.0,-4600.0
784,median_mad_z,800,2.25,0.5,50,-7008.7,-9601.0,-4605.0,1726,69,-4605.0,-880.0,-4116.0
785,ema_z,1500,2.25,0.5,150,-7018.69,-4907.0,-5781.0,5468,165,-5781.0,-439.0,1313.0
786,median_mad_z,1000,2.0,0.5,100,-7025.53,-6872.0,-5302.0,2766,85,-5302.0,-691.0,-879.0
787,median_mad_z,800,3.25,0.0,200,-7036.64,-1986.0,-6537.0,1570,47,-6537.0,1460.0,3091.0
788,rolling_z,1800,3.0,0.5,150,-7130.35,-4319.0,-6047.0,1800,54,-6047.0,1366.0,362.0
789,median_mad_z,800,3.25,0.5,100,-7242.8,-6888.0,-5519.0,900,27,-2469.0,1100.0,-5519.0
790,rolling_z,1200,2.5,0.5,100,-7274.21,-9475.0,-4897.0,4232,128,-4897.0,-3710.0,-868.0
791,ema_z,800,3.0,0.5,150,-7320.12,-8449.0,-5203.0,2434,73,-5203.0,1011.0,-4257.0
792,rolling_z,500,3.0,0.0,200,-7331.72,-6416.0,-5721.0,3358,93,-137.0,-558.0,-5721.0
793,rolling_z,800,2.75,0.0,100,-7332.85,-1258.0,-7015.0,1676,49,6953.0,-1196.0,-7015.0
794,median_mad_z,500,3.0,0.5,50,-7410.74,-9030.0,-5151.0,1118,42,-4394.0,515.0,-5151.0
795,rolling_z,800,3.0,0.0,150,-7433.65,2489.0,-8053.0,1450,41,325.0,10217.0,-8053.0
796,rolling_z,650,3.0,0.0,100,-7444.09,-903.0,-7216.0,1170,35,10387.0,-4074.0,-7216.0
797,rolling_z,650,2.75,0.5,50,-7467.72,-11177.0,-4668.0,2736,107,-3975.0,-4668.0,-2534.0
798,ema_z,650,3.25,0.5,100,-7485.63,-8812.0,-5279.0,1816,55,-3237.0,-296.0,-5279.0
799,median_mad_z,1500,2.25,0.5,100,-7603.25,-5529.0,-6219.0,1000,30,-6219.0,-233.0,923.0
800,rolling_z,2000,3.25,0.0,200,-7638.77,-5002.0,-6387.0,637,19,-6387.0,3139.0,-1754.0
801,median_mad_z,650,3.0,0.0,100,-7643.73,-9526.0,-5260.0,1117,34,-5260.0,393.0,-4659.0
802,rolling_z,650,3.25,0.0,100,-7645.95,-9884.0,-5173.0,974,28,154.0,-4865.0,-5173.0
803,rolling_z,2000,3.25,0.5,200,-7673.45,-4009.0,-6668.0,1600,47,-6668.0,3081.0,-422.0
804,median_mad_z,500,2.75,0.0,50,-7684.96,-10766.0,-4990.0,1728,68,-2275.0,-3501.0,-4990.0
805,ema_z,2000,2.0,0.5,150,-7722.27,-2961.0,-6973.0,4510,136,-6973.0,931.0,3081.0
806,ema_z,1500,2.0,0.5,100,-7752.44,-10622.0,-5087.0,4972,149,-5087.0,-1846.0,-3689.0
807,ema_z,800,3.25,0.0,150,-7760.4,-11102.0,-4984.0,450,15,-4984.0,-3431.0,-2687.0
808,rolling_z,1000,3.25,0.5,150,-7765.94,-10000.0,-5261.0,2470,74,-3855.0,-884.0,-5261.0
809,ema_z,650,2.75,0.5,50,-7772.43,-11100.0,-4993.0,2214,87,-4993.0,-2354.0,-3753.0
810,rolling_z,1000,2.5,0.5,50,-7789.5,-8754.0,-5596.0,2500,100,-5596.0,-2251.0,-907.0
811,ema_z,1000,2.75,0.5,200,-7825.79,-6506.0,-6191.0,4147,118,-6191.0,3999.0,-4314.0
812,median_mad_z,1000,2.5,0.5,200,-7831.5,-7874.0,-5857.0,3000,90,-5857.0,400.0,-2417.0
813,ema_z,500,3.0,0.5,50,-7865.4,-12754.0,-4673.0,1948,76,-4275.0,-3806.0,-4673.0
814,median_mad_z,1000,2.0,0.0,150,-7884.98,-1532.0,-7494.0,3989,121,-7494.0,426.0,5536.0
815,median_mad_z,800,3.0,0.5,100,-7893.5,-5955.0,-6402.0,1376,42,-247.0,694.0,-6402.0
816,rolling_z,1800,2.75,0.0,150,-7925.75,-9569.0,-5532.0,750,23,-3442.0,-595.0,-5532.0
817,median_mad_z,500,2.75,0.5,50,-7936.96,-10798.0,-5234.0,1728,68,-5138.0,-426.0,-5234.0
818,median_mad_z,650,2.5,0.0,50,-7961.69,-8320.0,-5879.0,1346,51,-5879.0,-377.0,-2064.0
819,rolling_z,800,3.25,0.0,200,-7963.55,-6898.0,-6237.0,1026,28,-6237.0,2553.0,-3214.0
820,rolling_z,1200,2.0,0.5,50,-8092.02,-12064.0,-5069.0,3512,139,-5069.0,-3372.0,-3623.0
821,ema_z,1200,2.5,0.5,150,-8223.93,-8113.0,-6189.0,3338,101,-6189.0,-1203.0,-721.0
822,rolling_z,1000,3.0,0.0,200,-8249.52,6257.0,-9810.0,1886,53,5572.0,10495.0,-9810.0
823,median_mad_z,1500,2.75,0.5,200,-8285.45,-1441.0,-7922.0,1600,47,-7922.0,2416.0,4065.0
824,rolling_z,800,3.25,0.5,150,-8302.14,-10752.0,-5611.0,1570,46,-5611.0,-1560.0,-3581.0
825,rolling_z,1800,2.75,0.5,150,-8306.95,-5531.0,-6920.0,2100,65,-6920.0,-828.0,2217.0
826,median_mad_z,650,2.75,0.0,100,-8307.85,-9998.0,-5805.0,1676,51,-5228.0,1035.0,-5805.0
827,median_mad_z,1500,2.25,0.0,200,-8315.7,-5438.0,-6953.0,1600,45,-6953.0,-2693.0,4208.0
828,rolling_z,1000,2.75,0.0,200,-8363.89,13633.0,-11766.0,3068,86,20810.0,4589.0,-11766.0
829,ema_z,650,3.0,0.5,100,-8382.95,-12058.0,-5362.0,3227,97,-4203.0,-2493.0,-5362.0
830,median_mad_z,1500,2.0,0.0,150,-8406.89,-3292.0,-7581.0,1447,42,-7581.0,-2360.0,6649.0
831,ema_z,1800,2.0,0.5,100,-8427.83,-7987.0,-6425.0,3042,91,-6425.0,-456.0,-1106.0
832,median_mad_z,1000,2.25,0.5,150,-8432.39,-10106.0,-5900.0,2946,88,-5900.0,264.0,-4470.0
833,ema_z,1500,2.5,0.5,200,-8445.43,-9757.0,-5998.0,4090,122,-5998.0,-1872.0,-1887.0
834,rolling_z,1000,2.25,0.0,100,-8488.01,-6534.0,-6849.0,2756,82,-3193.0,3508.0,-6849.0
835,median_mad_z,650,3.25,0.5,100,-8507.42,-11109.0,-5728.0,1084,33,-5728.0,0.0,-5381.0
836,ema_z,1200,2.25,0.5,100,-8528.08,-10204.0,-5969.0,4038,122,-5969.0,-777.0,-3458.0
837,rolling_z,2000,3.0,0.0,200,-8538.82,-7271.0,-6719.0,1037,30,-6719.0,1137.0,-1689.0
838,median_mad_z,650,3.25,0.0,150,-8564.17,-10864.0,-5845.0,1584,44,-5845.0,0.0,-5019.0
839,rolling_z,1500,2.25,0.5,150,-8616.62,1072.0,-8871.0,6810,203,-8871.0,2390.0,7553.0
840,ema_z,1000,2.5,0.5,150,-8659.88,-7452.0,-6787.0,4939,145,-6787.0,-193.0,-472.0
841,rolling_z,500,2.0,0.0,100,-8725.43,-885.0,-8486.0,9092,270,-8486.0,2294.0,5307.0
842,median_mad_z,800,2.0,0.0,100,-8732.2,-6696.0,-7049.0,4602,138,-7049.0,-1367.0,1720.0
843,median_mad_z,800,2.0,0.0,150,-8895.46,-5548.0,-7495.0,6730,201,-7495.0,-964.0,2911.0
844,ema_z,800,3.25,0.5,200,-8914.02,-11596.0,-6012.0,1508,44,-5229.0,-355.0,-6012.0
845,rolling_z,1000,2.0,0.0,100,-8926.88,-2547.0,-8282.0,4066,118,-3372.0,9107.0,-8282.0
846,median_mad_z,1200,2.5,0.5,150,-8953.41,-7693.0,-7027.0,1580,48,-7027.0,929.0,-1595.0
847,ema_z,1000,2.5,0.5,200,-8978.23,-6005.0,-7464.0,6489,192,-7464.0,1166.0,293.0
848,ema_z,800,2.5,0.5,50,-8989.59,-10894.0,-6261.0,2544,101,-6261.0,-2002.0,-2631.0
849,rolling_z,1000,3.25,0.5,200,-9053.14,-11968.0,-6055.0,3072,92,-4658.0,-1255.0,-6055.0
850,median_mad_z,1500,2.5,0.5,150,-9054.99,-4721.0,-7872.0,1368,40,-7872.0,1085.0,2066.0
851,median_mad_z,800,2.5,0.5,100,-9099.05,-10697.0,-6420.0,2398,73,-2519.0,-1758.0,-6420.0
852,median_mad_z,500,2.5,0.0,50,-9118.45,-12851.0,-5902.0,1850,74,-3254.0,-3695.0,-5902.0
853,median_mad_z,1500,2.0,0.5,100,-9124.66,-6556.0,-7483.0,1328,41,-7483.0,-767.0,1694.0
854,median_mad_z,800,2.25,0.0,200,-9202.68,-1006.0,-8939.0,6092,180,-8939.0,-359.0,8292.0
855,rolling_z,1800,3.0,0.5,200,-9243.3,-5066.0,-7972.0,2400,71,-7972.0,2128.0,778.0
856,median_mad_z,800,2.75,0.5,100,-9277.23,-7346.0,-7437.0,1864,55,832.0,-741.0,-7437.0
857,rolling_z,1000,3.0,0.5,200,-9296.53,-12769.0,-6095.0,4639,136,-5405.0,-1269.0,-6095.0
858,ema_z,800,2.75,0.5,100,-9302.64,-9847.0,-6835.0,2946,89,-6835.0,-164.0,-2848.0
859,median_mad_z,500,2.5,0.5,50,-9402.2,-12990.0,-6151.0,1850,74,-6151.0,-693.0,-6146.0
860,median_mad_z,1200,2.0,0.5,100,-9413.2,-8300.0,-7334.0,2100,63,-7334.0,204.0,-1170.0
861,ema_z,1800,2.25,0.5,150,-9424.34,-6903.0,-7692.0,3296,98,-7692.0,930.0,-141.0
862,rolling_z,1500,2.0,0.5,100,-9471.44,-6474.0,-7840.0,6468,194,-7840.0,352.0,1014.0
863,ema_z,800,3.0,0.5,200,-9498.12,-10585.0,-6846.0,2934,86,-6846.0,2006.0,-5745.0
864,median_mad_z,1000,2.0,0.0,200,-9511.63,-1965.0,-9010.0,5189,153,-9010.0,1399.0,5646.0
865,rolling_z,1200,2.0,0.0,150,-9559.36,-446.0,-9439.0,4428,124,9958.0,-965.0,-9439.0
866,median_mad_z,1200,2.25,0.5,150,-9559.84,-7806.0,-7604.0,2170,66,-7604.0,-443.0,241.0
867,ema_z,1200,2.5,0.5,200,-9590.18,-9546.0,-7195.0,4338,129,-7195.0,-1616.0,-735.0
868,median_mad_z,800,2.0,0.0,200,-9689.86,-3894.0,-8699.0,8680,256,-8699.0,168.0,4637.0
869,rolling_z,1200,2.5,0.5,150,-9803.81,-12605.0,-6640.0,6282,184,-6640.0,-5256.0,-709.0
870,ema_z,1500,2.25,0.5,200,-9867.78,-6415.0,-8250.0,7016,211,-8250.0,-341.0,2176.0
871,median_mad_z,650,2.25,0.0,50,-9887.46,-10228.0,-7327.0,1730,69,-7327.0,-395.0,-2506.0
872,rolling_z,800,3.0,0.0,200,-9911.55,869.0,-10125.0,1900,54,-3099.0,14093.0,-10125.0
873,ema_z,800,3.25,0.0,200,-9977.7,-14418.0,-6372.0,600,18,-6372.0,-4515.0,-3531.0
874,ema_z,2000,2.0,0.5,200,-10020.92,-3030.0,-9252.0,5710,167,-9252.0,1947.0,4275.0
875,rolling_z,500,3.25,0.0,150,-10193.73,-12741.0,-7005.0,1741,51,-7005.0,580.0,-6316.0
876,rolling_z,1800,2.75,0.0,200,-10241.0,-12492.0,-7116.0,1000,29,-4556.0,-820.0,-7116.0
877,rolling_z,800,2.5,0.5,50,-10251.75,-10538.0,-7610.0,3624,142,-7610.0,-2018.0,-910.0
878,median_mad_z,650,3.0,0.5,100,-10343.98,-12667.0,-7175.0,1117,34,-7175.0,393.0,-5885.0
879,rolling_z,1500,2.25,0.5,200,-10387.39,3498.0,-11244.0,8944,264,-11244.0,3635.0,11107.0
880,rolling_z,1000,2.75,0.5,100,-10447.7,-15035.0,-6682.0,3477,105,-6682.0,-4435.0,-3918.0
881,rolling_z,500,2.0,0.0,150,-10499.23,2108.0,-11000.0,13114,375,-11000.0,6176.0,6932.0
882,ema_z,1200,2.0,0.5,100,-10575.76,-12411.0,-7461.0,6006,181,-5512.0,562.0,-7461.0
883,rolling_z,800,3.0,0.5,100,-10590.59,-11588.0,-7689.0,2297,70,-7689.0,407.0,-4306.0
884,median_mad_z,650,2.0,0.0,50,-10656.35,-11295.0,-7827.0,2802,110,-7827.0,-880.0,-2588.0
885,rolling_z,1800,2.75,0.5,200,-10679.35,-6447.0,-9062.0,2800,83,-9062.0,-1036.0,3651.0
886,rolling_z,500,3.25,0.5,50,-10729.93,-14835.0,-7018.0,1590,60,-5455.0,-2362.0,-7018.0
887,rolling_z,1000,2.25,0.5,50,-10760.94,-13600.0,-7354.0,3472,137,-7354.0,-3026.0,-3220.0
888,ema_z,500,3.25,0.5,100,-10863.51,-16969.0,-6616.0,2630,80,-6173.0,-4180.0,-6616.0
889,median_mad_z,500,3.25,0.0,100,-10876.35,-11327.0,-8042.0,1300,40,-4385.0,1100.0,-8042.0
890,median_mad_z,800,3.25,0.5,150,-10919.04,-10414.0,-8313.0,1270,37,-3561.0,1460.0,-8313.0
891,rolling_z,800,3.25,0.5,200,-10929.44,-14150.0,-7388.0,1968,56,-7388.0,-2118.0,-4644.0
892,rolling_z,500,3.0,0.5,50,-10966.97,-14767.0,-7270.0,2608,101,-5690.0,-1807.0,-7270.0
893,ema_z,800,2.25,0.5,50,-10986.38,-14258.0,-7414.0,3938,155,-7414.0,-3293.0,-3551.0
894,median_mad_z,1000,2.0,0.5,150,-11017.7,-9914.0,-8531.0,4102,125,-8531.0,-501.0,-882.0
895,rolling_z,1200,2.5,0.5,200,-11019.91,-13213.0,-7700.0,8332,245,-7700.0,-6184.0,671.0
896,median_mad_z,800,2.0,0.5,50,-11031.48,-14410.0,-7424.0,2488,98,-7424.0,-1106.0,-5880.0
897,rolling_z,1200,2.0,0.0,200,-11041.26,1562.0,-11420.0,5878,162,14871.0,-1889.0,-11420.0
898,ema_z,650,3.25,0.5,150,-11116.75,-12687.0,-7940.0,2500,72,-4426.0,-321.0,-7940.0
899,rolling_z,650,3.0,0.0,150,-11139.94,-3794.0,-10188.0,1720,49,12669.0,-6275.0,-10188.0
900,median_mad_z,1500,2.25,0.5,150,-11179.75,-7967.0,-9185.0,1500,46,-9185.0,-193.0,1411.0
901,rolling_z,650,3.25,0.0,150,-11224.1,-16621.0,-7066.0,1424,40,-2717.0,-7066.0,-6838.0
902,median_mad_z,1500,2.0,0.0,200,-11274.69,-5464.0,-9905.0,1847,53,-9905.0,-3156.0,7597.0
903,median_mad_z,800,3.0,0.5,150,-11296.9,-8440.0,-9183.0,1952,55,-422.0,1165.0,-9183.0
904,median_mad_z,650,3.0,0.0,150,-11333.98,-13199.0,-8031.0,1617,48,-8031.0,393.0,-5561.0
905,median_mad_z,650,3.25,0.0,200,-11409.17,-13632.0,-7997.0,2084,62,-7997.0,0.0,-5635.0
906,ema_z,1000,2.25,0.5,100,-11496.63,-13336.0,-8152.0,5313,162,-8152.0,-1556.0,-3628.0
907,rolling_z,1000,2.25,0.0,150,-11505.01,-7716.0,-9568.0,4006,113,-2481.0,4333.0,-9568.0
908,median_mad_z,650,2.75,0.0,150,-11589.3,-13655.0,-8171.0,2274,67,-8171.0,1395.0,-6879.0
909,rolling_z,650,2.5,0.5,50,-11592.54,-16572.0,-7441.0,4270,169,-7441.0,-4905.0,-4226.0
910,rolling_z,800,2.25,0.5,50,-11655.45,-14887.0,-7924.0,4848,192,-7924.0,-3774.0,-3189.0
911,rolling_z,1200,2.25,0.5,100,-11666.57,-15942.0,-7670.0,5536,167,-7670.0,-4687.0,-3585.0
912,median_mad_z,650,2.5,0.0,100,-11670.35,-12001.0,-8665.0,2548,76,-8665.0,-420.0,-2916.0
913,median_mad_z,1000,2.25,0.5,200,-11700.59,-13744.0,-8257.0,3796,113,-8257.0,257.0,-5744.0
914,ema_z,500,2.75,0.5,50,-11724.43,-18284.0,-7147.0,3216,125,-7147.0,-5164.0,-5973.0
915,ema_z,1800,2.25,0.5,200,-11778.09,-7994.0,-9771.0,4296,129,-9771.0,1846.0,-69.0
916,median_mad_z,650,2.5,0.5,50,-11929.69,-13128.0,-8645.0,1346,51,-8645.0,-1133.0,-3350.0
917,median_mad_z,1500,2.5,0.5,200,-11949.79,-6425.0,-10340.0,1768,51,-10340.0,979.0,2936.0
918,ema_z,650,2.5,0.5,50,-11962.37,-16104.0,-7930.0,3184,124,-7930.0,-3822.0,-4352.0
919,median_mad_z,500,3.25,0.0,150,-12102.4,-14426.0,-8492.0,1950,60,-7505.0,1571.0,-8492.0
920,ema_z,1200,2.25,0.5,150,-12110.32,-14164.0,-8558.0,5662,169,-8558.0,-1042.0,-4564.0
921,ema_z,1800,2.0,0.5,150,-12121.58,-10159.0,-9573.0,4414,133,-9573.0,341.0,-927.0
922,median_mad_z,500,2.0,0.0,50,-12152.54,-17394.0,-7797.0,3518,138,-7797.0,-6416.0,-3181.0
923,rolling_z,500,2.0,0.0,200,-12173.59,631.0,-12298.0,16670,464,-12298.0,8133.0,4796.0
924,rolling_z,800,2.75,0.0,150,-12250.65,-4696.0,-11072.0,2326,64,8359.0,-1983.0,-11072.0
925,median_mad_z,1200,2.5,0.5,200,-12286.51,-11302.0,-9457.0,2004,59,-9457.0,37.0,-1882.0
926,ema_z,1500,2.0,0.5,150,-12296.87,-15431.0,-8425.0,7060,211,-8425.0,-2396.0,-4610.0
927,median_mad_z,800,2.25,0.5,100,-12377.87,-17389.0,-8024.0,3310,101,-8024.0,-1704.0,-7661.0
928,median_mad_z,1200,2.25,0.5,200,-12429.64,-11360.0,-9584.0,2820,85,-9584.0,-1492.0,-284.0
929,median_mad_z,500,3.0,0.0,100,-12592.93,-13256.0,-9275.0,1966,60,-4309.0,328.0,-9275.0
930,median_mad_z,500,2.25,0.0,50,-12613.59,-18699.0,-7934.0,2422,96,-5794.0,-4971.0,-7934.0
931,ema_z,650,3.0,0.5,150,-12729.37,-18142.0,-8185.0,4437,128,-6350.0,-3607.0,-8185.0
932,median_mad_z,650,2.75,0.5,100,-12769.1,-15299.0,-8941.0,1676,50,-8941.0,695.0,-7053.0
933,median_mad_z,800,2.5,0.5,150,-12777.6,-14406.0,-9169.0,3548,103,-2956.0,-2281.0,-9169.0
934,rolling_z,650,3.0,0.5,100,-12799.0,-16000.0,-8792.0,3502,106,-4665.0,-8792.0,-2543.0
935,median_mad_z,650,3.25,0.5,150,-12799.92,-16615.0,-8643.0,1584,46,-8643.0,0.0,-7972.0
936,rolling_z,1000,2.0,0.5,50,-12920.23,-19831.0,-7953.0,4738,186,-7953.0,-5436.0,-6442.0
937,rolling_z,650,3.25,0.5,100,-12990.42,-16542.0,-8851.0,1962,59,-2538.0,-8851.0,-5153.0
938,median_mad_z,500,3.25,0.5,100,-13026.35,-15071.0,-9256.0,1300,39,-6915.0,1100.0,-9256.0
939,median_mad_z,500,2.25,0.5,50,-13166.34,-17558.0,-8772.0,2422,96,-8772.0,-2219.0,-6567.0
940,rolling_z,1000,2.0,0.0,150,-13315.13,-4926.0,-12072.0,5816,164,-3545.0,10691.0,-12072.0
941,rolling_z,500,2.75,0.5,50,-13328.63,-20769.0,-8129.0,3692,144,-7935.0,-4705.0,-8129.0
942,rolling_z,1000,2.75,0.5,150,-13409.3,-19893.0,-8426.0,5027,150,-8426.0,-5976.0,-5491.0
943,ema_z,800,2.75,0.5,150,-13416.08,-13666.0,-9991.0,4288,127,-9991.0,364.0,-4039.0
944,median_mad_z,800,2.75,0.5,150,-13431.18,-10111.0,-10898.0,2714,76,1464.0,-677.0,-10898.0
945,rolling_z,800,2.75,0.5,100,-13475.63,-15658.0,-9553.0,4065,121,-9553.0,-3889.0,-2216.0
946,rolling_z,1000,2.5,0.5,100,-13566.79,-15588.0,-9660.0,4897,148,-9660.0,-4188.0,-1740.0
947,ema_z,1000,2.0,0.5,100,-13601.15,-20116.0,-8556.0,8073,244,-8162.0,-3398.0,-8556.0
948,median_mad_z,1500,2.0,0.5,150,-13887.18,-10318.0,-11304.0,1842,56,-11304.0,-948.0,1934.0
949,median_mad_z,1200,2.0,0.5,150,-13973.8,-12966.0,-10726.0,3150,95,-10726.0,-449.0,-1791.0
950,median_mad_z,650,2.25,0.5,50,-14116.21,-15903.0,-10137.0,1730,68,-10137.0,-1974.0,-3792.0
951,rolling_z,1500,2.0,0.5,150,-14136.28,-8310.0,-12040.0,9392,282,-12040.0,1086.0,2644.0
952,ema_z,650,2.75,0.5,100,-14145.79,-20577.0,-8993.0,4270,128,-8993.0,-4095.0,-7489.0
953,ema_z,650,3.25,0.5,200,-14371.2,-15856.0,-10401.0,3100,93,-5432.0,-23.0,-10401.0
954,rolling_z,500,3.25,0.0,200,-14384.88,-17986.0,-9884.0,2191,62,-9884.0,1361.0,-9463.0
955,rolling_z,1000,2.25,0.0,200,-14398.26,-7907.0,-12411.0,5256,148,-702.0,5206.0,-12411.0
956,rolling_z,650,3.0,0.0,200,-14401.29,-6203.0,-12846.0,2270,65,15180.0,-8537.0,-12846.0
957,median_mad_z,800,3.25,0.5,200,-14451.64,-14142.0,-10913.0,1570,47,-4689.0,1460.0,-10913.0
958,rolling_z,650,2.75,0.5,100,-14456.78,-21486.0,-9075.0,5142,155,-7572.0,-9075.0,-4839.0
959,ema_z,1800,2.0,0.5,200,-14598.93,-10770.0,-11895.0,5714,170,-11895.0,1466.0,-341.0
960,median_mad_z,1500,2.25,0.5,200,-14684.4,-10746.0,-11994.0,1950,56,-11994.0,-678.0,1926.0
961,median_mad_z,500,3.25,0.0,200,-14690.01,-17060.0,-10420.0,2504,73,-10420.0,1994.0,-8634.0
962,ema_z,500,3.0,0.5,100,-14708.05,-23131.0,-8918.0,3648,110,-8048.0,-6165.0,-8918.0
963,median_mad_z,800,3.0,0.5,200,-14763.55,-11799.0,-11809.0,2402,71,-1578.0,1588.0,-11809.0
964,median_mad_z,500,3.0,0.0,150,-14852.68,-17061.0,-10582.0,2716,82,-7239.0,760.0,-10582.0
965,rolling_z,650,3.25,0.0,200,-14860.5,-22815.0,-9153.0,1874,52,-5218.0,-9153.0,-8444.0
966,ema_z,800,2.0,0.5,50,-14869.09,-22298.0,-9284.0,5294,209,-9284.0,-6239.0,-6775.0
967,median_mad_z,1000,2.0,0.5,200,-14905.95,-12549.0,-11758.0,5352,160,-11758.0,-144.0,-647.0
968,median_mad_z,500,3.0,0.5,100,-15027.43,-18154.0,-10485.0,1966,58,-8476.0,807.0,-10485.0
969,ema_z,1200,2.25,0.5,200,-15066.67,-17165.0,-10761.0,7210,215,-10761.0,-1249.0,-5155.0
970,rolling_z,1200,2.0,0.5,100,-15087.32,-22940.0,-9339.0,6662,201,-9339.0,-6395.0,-7206.0
971,ema_z,1200,2.0,0.5,150,-15146.36,-17403.0,-10778.0,8806,259,-7998.0,1373.0,-10778.0
972,median_mad_z,650,3.0,0.0,200,-15221.48,-16953.0,-10979.0,2117,64,-10979.0,393.0,-6367.0
973,median_mad_z,500,2.75,0.0,100,-15257.26,-21226.0,-9944.0,3378,103,-4043.0,-7239.0,-9944.0
974,rolling_z,800,3.0,0.5,150,-15352.25,-17132.0,-11063.0,3124,91,-11063.0,68.0,-6137.0
975,median_mad_z,800,2.5,0.5,200,-15527.73,-17102.0,-11243.0,4614,134,-2949.0,-2910.0,-11243.0
976,ema_z,800,2.5,0.5,100,-15554.45,-19539.0,-10660.0,4848,147,-10660.0,-3299.0,-5580.0
977,median_mad_z,650,3.0,0.5,150,-15569.73,-18950.0,-10829.0,1617,50,-10829.0,393.0,-8514.0
978,median_mad_z,500,2.75,0.5,100,-15587.01,-20993.0,-10332.0,3378,101,-9878.0,-783.0,-10332.0
979,median_mad_z,650,2.75,0.0,200,-15622.3,-17595.0,-11218.0,2774,82,-11218.0,1395.0,-7772.0
980,ema_z,500,3.25,0.5,150,-15646.27,-24131.0,-9606.0,3758,112,-8801.0,-5724.0,-9606.0
981,median_mad_z,650,2.5,0.0,150,-15679.07,-16084.0,-11651.0,3536,101,-11651.0,-392.0,-4041.0
982,ema_z,1000,2.25,0.5,150,-15831.38,-17633.0,-11408.0,7563,230,-11408.0,-1673.0,-4552.0
983,ema_z,650,2.25,0.5,50,-15921.05,-22261.0,-10347.0,4398,172,-10347.0,-4996.0,-6918.0
984,rolling_z,1000,2.75,0.5,200,-16031.98,-24092.0,-9996.0,6489,192,-9996.0,-7674.0,-6422.0
985,rolling_z,1200,2.25,0.5,150,-16108.67,-21135.0,-10809.0,7960,232,-10809.0,-6620.0,-3706.0
986,ema_z,500,2.5,0.5,50,-16158.77,-25812.0,-9697.0,4384,173,-9697.0,-7534.0,-8581.0
987,median_mad_z,500,3.0,0.0,200,-16280.06,-20162.0,-11233.0,3280,97,-10267.0,1338.0,-11233.0
988,rolling_z,800,2.0,0.5,50,-16380.92,-24415.0,-10264.0,6586,259,-10264.0,-7427.0,-6724.0
989,ema_z,1500,2.0,0.5,200,-16422.85,-18583.0,-11759.0,9051,267,-11759.0,-1995.0,-4829.0
990,median_mad_z,650,2.0,0.5,50,-16623.29,-19301.0,-11792.0,3022,121,-11792.0,-2102.0,-5407.0
991,rolling_z,1000,2.0,0.0,200,-16778.01,-4992.0,-15515.0,7504,207,-1671.0,12194.0,-15515.0
992,rolling_z,650,2.25,0.5,50,-16791.13,-25774.0,-10336.0,5814,229,-10336.0,-8367.0,-7071.0
993,ema_z,650,3.0,0.5,200,-16813.88,-23572.0,-10910.0,5441,159,-8334.0,-4328.0,-10910.0
994,median_mad_z,800,2.25,0.5,150,-16832.97,-24037.0,-10814.0,4860,140,-10705.0,-2518.0,-10814.0
995,median_mad_z,650,3.25,0.5,200,-16853.42,-21753.0,-11411.0,2084,61,-11411.0,0.0,-10342.0
996,median_mad_z,800,2.75,0.5,200,-16870.88,-11827.0,-13907.0,3564,105,2305.0,-225.0,-13907.0
997,ema_z,1200,2.0,0.5,200,-16999.19,-18964.0,-12235.0,11597,344,-9725.0,2996.0,-12235.0
998,rolling_z,800,2.75,0.0,200,-17287.43,-9931.0,-14799.0,2838,78,7150.0,-2282.0,-14799.0
999,rolling_z,500,2.5,0.5,50,-17403.69,-26533.0,-10760.0,5222,205,-10760.0,-5720.0,-10053.0
1000,rolling_z,1500,2.0,0.5,200,-17690.78,-9354.0,-15328.0,12142,359,-15328.0,1942.0,4032.0
1001,median_mad_z,500,2.0,0.5,50,-17849.12,-22782.0,-12146.0,3810,151,-12146.0,-3924.0,-6712.0
1002,ema_z,800,2.75,0.5,200,-17891.16,-18066.0,-13364.0,5332,153,-13364.0,722.0,-5424.0
1003,median_mad_z,500,2.5,0.0,100,-18101.65,-25313.0,-11766.0,3700,113,-5729.0,-7818.0,-11766.0
1004,ema_z,1000,2.25,0.5,200,-18230.09,-19014.0,-13457.0,9795,289,-13457.0,-1200.0,-4357.0
1005,rolling_z,800,2.5,0.5,100,-18333.56,-19493.0,-13447.0,6657,202,-13447.0,-4491.0,-1555.0
1006,median_mad_z,500,2.5,0.5,100,-18468.65,-25229.0,-12154.0,3700,111,-11667.0,-1408.0,-12154.0
1007,rolling_z,1000,2.5,0.5,150,-18494.21,-21103.0,-13204.0,7229,209,-13204.0,-5975.0,-1924.0
1008,median_mad_z,1500,2.0,0.5,200,-18525.58,-14300.0,-14946.0,2292,68,-14946.0,-1599.0,2245.0
1009,median_mad_z,650,2.75,0.5,150,-18557.95,-21893.0,-13080.0,2350,72,-13080.0,1055.0,-9868.0
1010,ema_z,650,2.75,0.5,150,-18619.38,-28352.0,-11519.0,6192,182,-11519.0,-6049.0,-10784.0
1011,median_mad_z,1200,2.0,0.5,200,-18677.36,-17464.0,-14303.0,4180,124,-14303.0,-1065.0,-2096.0
1012,ema_z,1000,2.0,0.5,150,-18845.18,-27704.0,-11896.0,11589,342,-11489.0,-4319.0,-11896.0
1013,median_mad_z,650,2.5,0.5,100,-18897.6,-21622.0,-13487.0,2548,76,-13487.0,-1598.0,-6537.0
1014,rolling_z,650,3.0,0.5,150,-19050.9,-23920.0,-13061.0,4950,147,-6589.0,-13061.0,-4270.0
1015,rolling_z,800,2.75,0.5,150,-19372.53,-22993.0,-13613.0,5639,166,-13613.0,-6004.0,-3376.0
1016,rolling_z,1200,2.25,0.5,200,-19448.47,-24223.0,-13372.0,10360,302,-13372.0,-8019.0,-2832.0
1017,median_mad_z,500,3.25,0.5,150,-19487.4,-22730.0,-13801.0,1950,59,-10500.0,1571.0,-13801.0
1018,rolling_z,650,3.25,0.5,150,-19512.07,-25879.0,-13037.0,2662,78,-5082.0,-13037.0,-7760.0
1019,median_mad_z,500,2.75,0.0,150,-19607.56,-30252.0,-12035.0,4778,142,-6922.0,-11295.0,-12035.0
1020,median_mad_z,650,2.25,0.0,100,-19647.01,-19629.0,-14733.0,3380,102,-14733.0,-1218.0,-3678.0
1021,rolling_z,800,3.0,0.5,200,-19739.1,-22893.0,-14008.0,3924,116,-14008.0,-679.0,-8206.0
1022,ema_z,500,3.25,0.5,200,-19839.3,-30139.0,-12295.0,4774,138,-10761.0,-7083.0,-12295.0
1023,median_mad_z,650,2.0,0.0,100,-19979.66,-20056.0,-14955.0,5330,160,-14955.0,-2593.0,-2508.0
1024,median_mad_z,800,2.0,0.5,100,-19999.13,-26423.0,-13384.0,4688,143,-13384.0,-1566.0,-11473.0
1025,ema_z,650,2.0,0.5,50,-20519.67,-31972.0,-12514.0,6334,248,-12514.0,-9101.0,-10357.0
1026,median_mad_z,650,2.5,0.0,200,-20555.05,-20873.0,-15328.0,4402,128,-15328.0,-233.0,-5312.0
1027,median_mad_z,650,3.0,0.5,200,-20665.73,-25074.0,-14393.0,2117,63,-14393.0,393.0,-11074.0
1028,ema_z,500,2.25,0.5,50,-20751.75,-33728.0,-12308.0,5876,231,-12308.0,-9975.0,-11445.0
1029,rolling_z,1000,2.25,0.5,100,-20754.35,-26362.0,-14151.0,6425,196,-14151.0,-5755.0,-6456.0
1030,rolling_z,1200,2.0,0.5,150,-20941.27,-31847.0,-12960.0,9758,288,-12960.0,-9098.0,-9789.0
1031,ema_z,650,2.5,0.5,100,-21057.18,-29545.0,-13659.0,5964,178,-13659.0,-7110.0,-8776.0
1032,rolling_z,650,2.75,0.5,150,-21105.23,-30947.0,-13354.0,7240,213,-10823.0,-13354.0,-6770.0
1033,ema_z,500,3.0,0.5,150,-21200.27,-32499.0,-13065.0,5262,154,-11219.0,-8215.0,-13065.0
1034,rolling_z,650,2.5,0.5,100,-21210.02,-31717.0,-13265.0,7884,237,-13265.0,-9951.0,-8501.0
1035,rolling_z,500,3.25,0.5,100,-21383.71,-31597.0,-13479.0,2732,83,-11580.0,-6538.0,-13479.0
1036,ema_z,500,2.75,0.5,100,-21461.84,-34328.0,-12868.0,5918,178,-12868.0,-9463.0,-11997.0
1037,median_mad_z,800,2.25,0.5,200,-21610.7,-30557.0,-13959.0,6226,181,-13417.0,-3181.0,-13959.0
1038,ema_z,800,2.25,0.5,100,-21787.88,-27760.0,-14833.0,7438,225,-14833.0,-6014.0,-6913.0
1039,rolling_z,1000,2.5,0.5,200,-21814.17,-24533.0,-15662.0,9461,275,-15662.0,-7728.0,-1143.0
1040,ema_z,800,2.5,0.5,150,-22038.76,-27408.0,-15173.0,6882,201,-15173.0,-4089.0,-8146.0
1041,rolling_z,800,2.25,0.5,100,-22048.55,-27152.0,-15242.0,9274,281,-15242.0,-6572.0,-5338.0
1042,ema_z,650,2.75,0.5,200,-22204.58,-34079.0,-13669.0,7914,229,-12680.0,-7730.0,-13669.0
1043,rolling_z,500,3.0,0.5,100,-22366.31,-32456.0,-14243.0,4654,140,-12422.0,-5791.0,-14243.0
1044,median_mad_z,500,3.0,0.5,150,-22547.68,-26621.0,-15887.0,2716,80,-11973.0,1239.0,-15887.0
1045,rolling_z,650,2.0,0.5,50,-22662.32,-37271.0,-13330.0,7286,289,-12792.0,-11149.0,-13330.0
1046,median_mad_z,500,2.5,0.0,150,-22846.92,-35540.0,-13951.0,5462,164,-8990.0,-12599.0,-13951.0
1047,ema_z,1000,2.0,0.5,200,-22926.01,-32801.0,-14696.0,14879,438,-13665.0,-4440.0,-14696.0
1048,median_mad_z,500,2.75,0.5,150,-23585.06,-31510.0,-15698.0,4778,139,-14646.0,-1166.0,-15698.0
1049,median_mad_z,500,2.0,0.0,100,-23726.92,-37306.0,-14387.0,6708,203,-14387.0,-13461.0,-9458.0
1050,median_mad_z,650,2.75,0.5,200,-23791.73,-28172.0,-16743.0,2866,84,-16743.0,1055.0,-12484.0
1051,rolling_z,800,2.75,0.5,200,-24558.19,-29512.0,-17166.0,7093,207,-17166.0,-8338.0,-4008.0
1052,rolling_z,1000,2.0,0.5,100,-24564.49,-37008.0,-15295.0,8747,267,-15295.0,-9916.0,-11797.0
1053,rolling_z,500,2.25,0.5,50,-24604.05,-39072.0,-14822.0,7026,274,-14822.0,-9678.0,-14572.0
1054,rolling_z,650,3.0,0.5,200,-24852.04,-31015.0,-17086.0,6144,180,-8097.0,-17086.0,-5832.0
1055,median_mad_z,500,2.25,0.0,100,-24986.29,-36259.0,-15912.0,4772,146,-9715.0,-10632.0,-15912.0
1056,median_mad_z,500,2.25,0.5,100,-25194.29,-34131.0,-16652.0,4772,143,-16652.0,-4621.0,-12858.0
1057,median_mad_z,500,3.25,0.5,200,-25432.7,-29654.0,-18014.0,2600,76,-13634.0,1994.0,-18014.0
1058,rolling_z,650,3.25,0.5,200,-25532.97,-34205.0,-16975.0,3362,99,-7209.0,-16975.0,-10021.0
1059,median_mad_z,650,2.5,0.5,150,-25919.47,-30081.0,-18392.0,3612,104,-18392.0,-1840.0,-9849.0
1060,rolling_z,800,2.5,0.5,150,-26094.95,-27421.0,-19221.0,9349,273,-19221.0,-7051.0,-1149.0
1061,rolling_z,500,2.75,0.5,100,-26136.32,-40906.0,-15896.0,6912,207,-14794.0,-10216.0,-15896.0
1062,rolling_z,1200,2.0,0.5,200,-26276.77,-38625.0,-16595.0,12758,372,-16595.0,-11279.0,-10751.0
1063,median_mad_z,500,2.75,0.0,200,-26404.36,-41354.0,-16054.0,5928,173,-11590.0,-16054.0,-13710.0
1064,ema_z,800,2.5,0.5,200,-26552.14,-32756.0,-18346.0,8572,248,-18346.0,-3756.0,-10654.0
1065,median_mad_z,500,2.5,0.5,150,-26810.42,-36882.0,-17579.0,5462,160,-17247.0,-2056.0,-17579.0
1066,ema_z,500,3.0,0.5,200,-26815.62,-40841.0,-16592.0,6686,192,-14128.0,-10121.0,-16592.0
1067,rolling_z,650,2.75,0.5,200,-27122.86,-38958.0,-17365.0,9180,270,-13108.0,-17365.0,-8485.0
1068,median_mad_z,800,2.0,0.5,150,-27349.18,-35998.0,-18336.0,6838,203,-18336.0,-1339.0,-16323.0
1069,ema_z,800,2.0,0.5,100,-27755.59,-41657.0,-17321.0,10172,309,-17321.0,-11614.0,-12722.0
1070,ema_z,500,2.0,0.5,50,-27850.0,-46648.0,-16173.0,7498,296,-15407.0,-15068.0,-16173.0
1071,median_mad_z,650,2.25,0.5,100,-28900.01,-31981.0,-20898.0,3380,101,-20898.0,-3784.0,-7299.0
1072,median_mad_z,650,2.25,0.0,150,-28938.55,-28139.0,-21894.0,4902,142,-21894.0,-2465.0,-3780.0
1073,median_mad_z,650,2.0,0.0,150,-29027.77,-28644.0,-21852.0,7384,215,-21852.0,-4692.0,-2100.0
1074,median_mad_z,500,3.0,0.5,200,-29192.5,-34083.0,-20665.0,3376,99,-15235.0,1817.0,-20665.0
1075,ema_z,650,2.5,0.5,150,-29200.55,-41238.0,-18874.0,8524,247,-18874.0,-9869.0,-12495.0
1076,rolling_z,1000,2.25,0.5,150,-29677.05,-36919.0,-20429.0,9149,271,-20429.0,-8068.0,-8422.0
1077,ema_z,500,2.75,0.5,150,-29708.06,-47994.0,-17693.0,8282,243,-17177.0,-13124.0,-17693.0
1078,median_mad_z,500,2.5,0.0,200,-29716.73,-45762.0,-18262.0,7116,211,-12276.0,-18262.0,-15224.0
1079,ema_z,500,2.5,0.5,100,-30173.6,-49040.0,-17897.0,8298,251,-17897.0,-14230.0,-16913.0
1080,rolling_z,650,2.5,0.5,150,-30222.93,-45803.0,-18750.0,11088,325,-18750.0,-14812.0,-12241.0
1081,rolling_z,500,3.25,0.5,150,-30282.22,-45395.0,-18926.0,3736,113,-16306.0,-10163.0,-18926.0
1082,ema_z,650,2.25,0.5,100,-30670.32,-42900.0,-19929.0,8160,248,-19929.0,-9126.0,-13845.0
1083,median_mad_z,500,2.75,0.5,200,-30941.09,-40928.0,-20697.0,6044,176,-18886.0,-1345.0,-20697.0
1084,rolling_z,800,2.25,0.5,150,-31064.52,-36183.0,-21992.0,13386,395,-21992.0,-8332.0,-5859.0
1085,rolling_z,800,2.0,0.5,100,-31322.09,-46396.0,-19698.0,12545,380,-19698.0,-13889.0,-12809.0
1086,ema_z,800,2.25,0.5,150,-31329.69,-39125.0,-21527.0,10718,318,-21527.0,-8285.0,-9313.0
1087,rolling_z,800,2.5,0.5,200,-31650.31,-34011.0,-23124.0,11781,347,-23124.0,-9980.0,-907.0
1088,rolling_z,650,2.25,0.5,100,-31705.2,-48587.0,-19536.0,11226,337,-19536.0,-16037.0,-13014.0
1089,median_mad_z,650,2.0,0.5,100,-32621.47,-38355.0,-23021.0,5860,176,-23021.0,-4621.0,-10713.0
1090,rolling_z,500,2.5,0.5,100,-32958.37,-52511.0,-19811.0,9810,296,-19669.0,-13031.0,-19811.0
1091,rolling_z,500,3.0,0.5,150,-32966.07,-49317.0,-20624.0,6412,192,-19193.0,-9500.0,-20624.0
1092,median_mad_z,650,2.5,0.5,200,-33031.16,-38324.0,-23441.0,4578,132,-23441.0,-1873.0,-13010.0
1093,rolling_z,500,2.0,0.5,50,-33199.49,-54079.0,-19662.0,8872,345,-19647.0,-14770.0,-19662.0
1094,median_mad_z,800,2.0,0.5,200,-33336.98,-44088.0,-22297.0,8988,266,-22297.0,-1001.0,-20790.0
1095,median_mad_z,500,2.25,0.0,150,-33381.49,-51834.0,-20409.0,6994,210,-14200.0,-17225.0,-20409.0
1096,median_mad_z,500,2.5,0.5,200,-34478.92,-47186.0,-22668.0,7212,215,-22057.0,-2461.0,-22668.0
1097,median_mad_z,500,2.0,0.0,150,-35075.17,-54917.0,-21327.0,9458,280,-20797.0,-21327.0,-12793.0
1098,median_mad_z,500,2.0,0.5,100,-35335.66,-45017.0,-24067.0,7204,217,-24067.0,-7601.0,-13349.0
1099,rolling_z,1000,2.0,0.5,150,-35398.51,-52534.0,-22240.0,12505,367,-22240.0,-14329.0,-15965.0
1100,median_mad_z,650,2.25,0.0,200,-35646.45,-34735.0,-26950.0,6352,187,-26950.0,-3887.0,-3898.0
1101,ema_z,650,2.5,0.5,200,-35920.03,-50782.0,-23203.0,10766,315,-23203.0,-11594.0,-15985.0
1102,rolling_z,1000,2.25,0.5,200,-36722.95,-45293.0,-25376.0,11849,351,-25376.0,-10588.0,-9329.0
1103,median_mad_z,500,2.25,0.5,150,-36873.74,-49842.0,-24399.0,7122,210,-24399.0,-6688.0,-18755.0
1104,rolling_z,500,3.25,0.5,200,-37053.62,-56014.0,-23041.0,4560,133,-19028.0,-13945.0,-23041.0
1105,ema_z,500,2.75,0.5,200,-37396.64,-60152.0,-22338.0,10322,300,-21541.0,-16273.0,-22338.0
1106,rolling_z,650,2.5,0.5,200,-37642.23,-57638.0,-23205.0,13864,401,-23205.0,-18649.0,-15784.0
1107,rolling_z,500,2.75,0.5,150,-37669.74,-59561.0,-22760.0,9746,288,-21742.0,-15059.0,-22760.0
1108,median_mad_z,650,2.0,0.0,200,-38383.97,-36946.0,-29129.0,9234,268,-29129.0,-6457.0,-1360.0
1109,ema_z,800,2.0,0.5,150,-39037.55,-58277.0,-24439.0,14650,438,-24439.0,-16238.0,-17600.0
1110,rolling_z,800,2.25,0.5,200,-39179.98,-44166.0,-28104.0,17238,510,-28104.0,-9686.0,-6376.0
1111,ema_z,650,2.0,0.5,100,-39363.52,-61354.0,-24001.0,12010,359,-24001.0,-16628.0,-20725.0
1112,ema_z,500,2.25,0.5,100,-39498.4,-64239.0,-23416.0,11324,343,-23416.0,-18369.0,-22454.0
1113,ema_z,800,2.25,0.5,200,-39592.29,-48527.0,-27433.0,13768,403,-27433.0,-9612.0,-11482.0
1114,median_mad_z,500,2.25,0.0,200,-41653.39,-67622.0,-24730.0,8944,262,-19016.0,-24730.0,-23876.0
1115,rolling_z,500,3.0,0.5,200,-42522.38,-65003.0,-26256.0,7814,229,-25376.0,-13371.0,-26256.0
1116,ema_z,500,2.5,0.5,150,-42893.43,-69227.0,-25563.0,11838,346,-25563.0,-19987.0,-23677.0
1117,median_mad_z,650,2.25,0.5,150,-42982.71,-47355.0,-31134.0,4978,147,-31134.0,-5482.0,-10739.0
1118,rolling_z,650,2.0,0.5,100,-43116.63,-71955.0,-25100.0,13940,420,-25100.0,-22514.0,-24341.0
1119,ema_z,650,2.25,0.5,150,-43932.38,-60796.0,-28710.0,11690,344,-28710.0,-12727.0,-19359.0
1120,rolling_z,650,2.25,0.5,150,-44594.93,-68137.0,-27528.0,16342,473,-27528.0,-22776.0,-17833.0
1121,rolling_z,800,2.0,0.5,150,-45311.05,-65439.0,-28915.0,18149,534,-28915.0,-19002.0,-17522.0
1122,rolling_z,1000,2.0,0.5,200,-45641.21,-66272.0,-29041.0,16105,475,-29041.0,-18876.0,-18355.0
1123,median_mad_z,500,2.25,0.5,200,-46341.07,-63266.0,-30506.0,9284,273,-30506.0,-8533.0,-24227.0
1124,rolling_z,500,2.25,0.5,100,-47693.02,-75670.0,-28749.0,13258,399,-27609.0,-19312.0,-28749.0
1125,median_mad_z,500,2.0,0.0,200,-47710.66,-73140.0,-29402.0,11830,345,-27161.0,-29402.0,-16577.0
1126,rolling_z,500,2.75,0.5,200,-47780.9,-75510.0,-28879.0,12202,355,-27720.0,-18911.0,-28879.0
1127,rolling_z,500,2.5,0.5,150,-48034.24,-77443.0,-28645.0,14244,417,-28293.0,-20505.0,-28645.0
1128,median_mad_z,650,2.0,0.5,150,-48131.08,-56466.0,-33998.0,8290,247,-33998.0,-6955.0,-15513.0
1129,ema_z,800,2.0,0.5,200,-48901.46,-71350.0,-31026.0,18978,557,-31026.0,-18886.0,-21438.0
1130,median_mad_z,500,2.0,0.5,150,-51448.37,-65296.0,-35104.0,10186,301,-35104.0,-11135.0,-19057.0
1131,ema_z,500,2.0,0.5,100,-53011.74,-89936.0,-30499.0,14370,432,-30274.0,-29163.0,-30499.0
1132,ema_z,500,2.5,0.5,200,-53934.05,-86500.0,-32279.0,15024,438,-32279.0,-24895.0,-29326.0
1133,ema_z,650,2.25,0.5,200,-54137.49,-74470.0,-35490.0,14994,441,-35490.0,-15000.0,-23980.0
1134,median_mad_z,650,2.25,0.5,200,-54419.56,-60350.0,-39319.0,6528,192,-39319.0,-7019.0,-14012.0
1135,rolling_z,650,2.25,0.5,200,-55287.16,-84466.0,-34129.0,20830,610,-34129.0,-28259.0,-22078.0
1136,ema_z,650,2.0,0.5,150,-56024.92,-86924.0,-34260.0,16958,497,-34260.0,-23206.0,-29458.0
1137,rolling_z,800,2.0,0.5,200,-56166.51,-80398.0,-36020.0,23505,691,-36020.0,-23686.0,-20692.0
1138,ema_z,500,2.25,0.5,150,-57048.23,-91523.0,-34135.0,16238,479,-34135.0,-25318.0,-32070.0
1139,rolling_z,650,2.0,0.5,150,-61717.11,-102410.0,-36075.0,19804,578,-36075.0,-32918.0,-33417.0
1140,rolling_z,500,2.5,0.5,200,-61809.04,-99586.0,-36876.0,18268,531,-35413.0,-27297.0,-36876.0
1141,rolling_z,500,2.0,0.5,100,-62277.35,-101896.0,-36770.0,16676,501,-36610.0,-28516.0,-36770.0
1142,median_mad_z,650,2.0,0.5,200,-62810.34,-72258.0,-44725.0,10418,307,-44725.0,-8851.0,-18682.0
1143,median_mad_z,500,2.0,0.5,200,-65676.2,-83722.0,-44720.0,12852,380,-44720.0,-13991.0,-25011.0
1144,rolling_z,500,2.25,0.5,150,-68112.48,-108173.0,-41031.0,19116,565,-39180.0,-27962.0,-41031.0
1145,ema_z,650,2.0,0.5,200,-70417.87,-107599.0,-43475.0,21558,634,-43475.0,-27898.0,-36226.0
1146,ema_z,500,2.25,0.5,200,-72935.6,-116166.0,-43853.0,20548,595,-43853.0,-32071.0,-40242.0
1147,ema_z,500,2.0,0.5,150,-75808.49,-127138.0,-43983.0,20494,603,-43983.0,-39745.0,-43410.0
1148,rolling_z,650,2.0,0.5,200,-77697.11,-128282.0,-45576.0,25304,738,-45576.0,-41370.0,-41336.0
1149,rolling_z,500,2.25,0.5,200,-86199.59,-136334.0,-52067.0,24546,717,-48930.0,-35337.0,-52067.0
1150,rolling_z,500,2.0,0.5,150,-89157.2,-145530.0,-52727.0,23848,708,-52727.0,-40621.0,-52182.0
1151,ema_z,500,2.0,0.5,200,-96094.64,-159484.0,-56171.0,26322,771,-56171.0,-48590.0,-54723.0
1152,rolling_z,500,2.0,0.5,200,-112940.56,-183597.0,-66980.0,30654,900,-66980.0,-50372.0,-66245.0
